trade_date,ts_code,close,sig_0,sig_1,sig_2,weighted_sig_0,weighted_sig_1,weighted_sig_2,vote_score,final_signal
2020-01-01,000001.SZ,10.104889100241275,0.0,0.0,0.0,0.0,0.0,0.0,0.0,0
2020-01-02,000001.SZ,10.082024543352324,0.0,0.0,0.0,0.0,0.0,0.0,0.0,0
2020-01-03,000001.SZ,10.218582339230874,0.0,0.0,0.0,0.0,0.0,0.0,0.0,0
2020-01-06,000001.SZ,10.53990424250925,0.0,0.0,0.0,0.0,0.0,0.0,0.0,0
2020-01-07,000001.SZ,10.495907197137992,0.0,0.0,0.0,0.0,0.0,0.0,0.0,0
2020-01-08,000001.SZ,10.452097241984797,0.0,0.0,0.0,0.0,0.0,0.0,0.0,0
2020-01-09,000001.SZ,10.792882699663844,0.0,0.0,0.0,0.0,0.0,0.0,0.0,0
2020-01-10,000001.SZ,10.965298474771563,0.0,0.0,0.0,0.0,0.0,0.0,0.0,0
2020-01-13,000001.SZ,10.868254563036498,0.0,0.0,0.0,0.0,0.0,0.0,0.0,0
2020-01-14,000001.SZ,10.992325146561877,0.0,0.0,0.0,0.0,0.0,0.0,0.0,0
2020-01-15,000001.SZ,10.896361884728417,0.0,0.0,0.0,0.0,0.0,0.0,0.0,0
2020-01-16,000001.SZ,10.800736933721506,0.0,0.0,0.0,0.0,0.0,0.0,0.0,0
2020-01-17,000001.SZ,10.858558944640038,0.0,0.0,0.0,0.0,0.0,0.0,0.0,0
2020-01-20,000001.SZ,10.456125792944356,0.0,0.0,0.0,0.0,0.0,0.0,0.0,0
2020-01-21,000001.SZ,10.106609849046283,0.0,0.0,0.0,0.0,0.0,0.0,0.0,0
2020-01-22,000001.SZ,9.998588166824842,0.0,0.0,0.0,0.0,0.0,0.0,0.0,0
2020-01-23,000001.SZ,9.802988393479845,0.0,0.0,0.0,0.0,0.0,0.0,0.0,0
2020-01-24,000001.SZ,9.869727300691652,0.0,0.0,0.0,0.0,0.0,0.0,0.0,0
2020-01-27,000001.SZ,9.696953290842757,0.0,0.0,0.0,0.0,0.0,0.0,0.0,0
2020-01-28,000001.SZ,9.431599197395006,0.0,1.0,0.0,0.0,0.3333333333333333,0.0,0.3333333333333333,0
2020-01-29,000001.SZ,9.717016664071142,0.0,0.0,0.0,0.0,0.0,0.0,0.0,0
2020-01-30,000001.SZ,9.678075966935431,0.0,0.0,0.0,0.0,0.0,0.0,0.0,0
2020-01-31,000001.SZ,9.696002448752397,0.0,0.0,0.0,0.0,0.0,0.0,0.0,0
2020-02-03,000001.SZ,9.42832746918048,0.0,0.0,0.0,0.0,0.0,0.0,0.0,0
2020-02-04,000001.SZ,9.330896178395369,0.0,0.0,0.0,0.0,0.0,0.0,0.0,0
2020-02-05,000001.SZ,9.356296278684916,0.0,0.0,0.0,0.0,0.0,0.0,0.0,0
2020-02-06,000001.SZ,9.14794847632408,0.0,0.0,0.0,0.0,0.0,0.0,0.0,0
2020-02-07,000001.SZ,9.221554316057768,0.0,0.0,0.0,0.0,0.0,0.0,0.0,0
2020-02-10,000001.SZ,9.115997439278138,0.0,0.0,0.0,0.0,0.0,0.0,0.0,0
2020-02-11,000001.SZ,9.06750329430045,0.0,0.0,0.0,0.0,0.0,0.0,0.0,0
2020-02-12,000001.SZ,8.963518353018799,0.0,0.0,0.0,0.0,0.0,0.0,0.0,0
2020-02-13,000001.SZ,9.306456316999341,0.0,-1.0,0.0,0.0,-0.3333333333333333,0.0,-0.3333333333333333,0
2020-02-14,000001.SZ,9.308597564802835,0.0,0.0,0.0,0.0,0.0,0.0,0.0,0
2020-02-17,000001.SZ,9.11830766532913,0.0,0.0,0.0,0.0,0.0,0.0,0.0,0
2020-02-18,000001.SZ,9.274188599168124,0.0,0.0,0.0,0.0,0.0,0.0,0.0,0
2020-02-19,000001.SZ,9.055010483544638,0.0,0.0,0.0,0.0,0.0,0.0,0.0,0
2020-02-20,000001.SZ,9.097462431893987,0.0,0.0,0.0,0.0,0.0,0.0,0.0,0
2020-02-21,000001.SZ,8.752173928829636,0.0,0.0,1.0,0.0,0.0,0.3333333333333333,0.3333333333333333,0
2020-02-24,000001.SZ,8.527006802693231,0.0,0.0,0.0,0.0,0.0,0.0,0.0,0
2020-02-25,000001.SZ,8.564927116302231,0.0,0.0,-1.0,0.0,0.0,-0.3333333333333333,-0.3333333333333333,0
2020-02-26,000001.SZ,8.696711397035056,0.0,0.0,0.0,0.0,0.0,0.0,0.0,0
2020-02-27,000001.SZ,8.730933720216035,0.0,0.0,0.0,0.0,0.0,0.0,0.0,0
2020-02-28,000001.SZ,8.715119177251598,0.0,0.0,0.0,0.0,0.0,0.0,0.0,0
2020-03-02,000001.SZ,8.667126277130745,0.0,0.0,0.0,0.0,0.0,0.0,0.0,0
2020-03-03,000001.SZ,8.418796125952197,0.0,0.0,0.0,0.0,0.0,0.0,0.0,0
2020-03-04,000001.SZ,8.3026102718792,0.0,1.0,0.0,0.0,0.3333333333333333,0.0,0.3333333333333333,0
2020-03-05,000001.SZ,8.230585715708003,0.0,0.0,0.0,0.0,0.0,0.0,0.0,0
2020-03-06,000001.SZ,8.410657276172822,0.0,-1.0,0.0,0.0,-0.3333333333333333,0.0,-0.3333333333333333,0
2020-03-09,000001.SZ,8.472892847974649,0.0,1.0,0.0,0.0,0.3333333333333333,0.0,0.3333333333333333,0
2020-03-10,000001.SZ,8.183428441940242,0.0,0.0,0.0,0.0,0.0,0.0,0.0,0
2020-03-11,000001.SZ,8.240762426474957,0.0,0.0,0.0,0.0,0.0,0.0,0.0,0
2020-03-12,000001.SZ,8.181628562079347,0.0,-1.0,0.0,0.0,-0.3333333333333333,0.0,-0.3333333333333333,0
2020-03-13,000001.SZ,8.075645318435413,0.0,0.0,0.0,0.0,0.0,0.0,0.0,0
2020-03-16,000001.SZ,8.17913424740725,0.0,0.0,0.0,0.0,0.0,0.0,0.0,0
2020-03-17,000001.SZ,8.353714562590099,0.0,0.0,0.0,0.0,0.0,0.0,0.0,0
2020-03-18,000001.SZ,8.515022019867558,0.0,0.0,0.0,0.0,0.0,0.0,0.0,0
2020-03-19,000001.SZ,8.37748332063724,0.0,0.0,0.0,0.0,0.0,0.0,0.0,0
2020-03-20,000001.SZ,8.329998716848465,0.0,0.0,0.0,0.0,0.0,0.0,0.0,0
2020-03-23,000001.SZ,8.3895641532366,0.0,0.0,0.0,0.0,0.0,0.0,0.0,0
2020-03-24,000001.SZ,8.55913790722807,1.0,0.0,0.0,0.3333333333333333,0.0,0.0,0.3333333333333333,0
2020-03-25,000001.SZ,8.481743147725382,0.0,0.0,0.0,0.0,0.0,0.0,0.0,0
2020-03-26,000001.SZ,8.454533522352811,0.0,0.0,0.0,0.0,0.0,0.0,0.0,0
2020-03-27,000001.SZ,8.273652842653616,0.0,0.0,0.0,0.0,0.0,0.0,0.0,0
2020-03-30,000001.SZ,8.082101917905593,0.0,0.0,0.0,0.0,0.0,0.0,0.0,0
2020-03-31,000001.SZ,8.218621493676624,-1.0,0.0,0.0,-0.3333333333333333,0.0,0.0,-0.3333333333333333,0
2020-04-01,000001.SZ,8.448824287181093,0.0,0.0,0.0,0.0,0.0,0.0,0.0,0
2020-04-02,000001.SZ,8.440884415170446,0.0,0.0,0.0,0.0,0.0,0.0,0.0,0
2020-04-03,000001.SZ,8.616317158634514,1.0,0.0,0.0,0.3333333333333333,0.0,0.0,0.3333333333333333,0
2020-04-06,000001.SZ,8.683203002451584,0.0,0.0,0.0,0.0,0.0,0.0,0.0,0
2020-04-07,000001.SZ,8.576175558378418,0.0,0.0,0.0,0.0,0.0,0.0,0.0,0
2020-04-08,000001.SZ,8.642708237569455,0.0,0.0,0.0,0.0,0.0,0.0,0.0,0
2020-04-09,000001.SZ,8.917152939441804,0.0,0.0,0.0,0.0,0.0,0.0,0.0,0
2020-04-10,000001.SZ,8.915222399520918,0.0,0.0,0.0,0.0,0.0,0.0,0.0,0
2020-04-13,000001.SZ,9.203216760156176,0.0,0.0,0.0,0.0,0.0,0.0,0.0,0
2020-04-14,000001.SZ,8.737797614312216,0.0,0.0,0.0,0.0,0.0,0.0,0.0,0
2020-04-15,000001.SZ,8.887059401216376,0.0,0.0,0.0,0.0,0.0,0.0,0.0,0
2020-04-16,000001.SZ,8.906997111515908,0.0,0.0,0.0,0.0,0.0,0.0,0.0,0
2020-04-17,000001.SZ,8.858318961467607,0.0,0.0,0.0,0.0,0.0,0.0,0.0,0
2020-04-20,000001.SZ,8.879029217526721,0.0,0.0,0.0,0.0,0.0,0.0,0.0,0
2020-04-21,000001.SZ,8.537266293306326,0.0,0.0,0.0,0.0,0.0,0.0,0.0,0
2020-04-22,000001.SZ,8.504091602085744,0.0,0.0,0.0,0.0,0.0,0.0,0.0,0
2020-04-23,000001.SZ,8.569330978634225,0.0,0.0,0.0,0.0,0.0,0.0,0.0,0
2020-04-24,000001.SZ,8.83081708068447,-1.0,0.0,0.0,-0.3333333333333333,0.0,0.0,-0.3333333333333333,0
2020-04-27,000001.SZ,8.744125824564044,0.0,0.0,0.0,0.0,0.0,0.0,0.0,0
2020-04-28,000001.SZ,8.608174443842119,0.0,0.0,0.0,0.0,0.0,0.0,0.0,0
2020-04-29,000001.SZ,8.52648436998314,0.0,0.0,0.0,0.0,0.0,0.0,0.0,0
2020-04-30,000001.SZ,8.688368438273741,0.0,0.0,0.0,0.0,0.0,0.0,0.0,0
2020-05-01,000001.SZ,8.750056803752376,0.0,0.0,0.0,0.0,0.0,0.0,0.0,0
2020-05-04,000001.SZ,8.662167570939388,0.0,0.0,0.0,0.0,0.0,0.0,0.0,0
2020-05-05,000001.SZ,8.75592257219167,0.0,0.0,0.0,0.0,0.0,0.0,0.0,0
2020-05-06,000001.SZ,8.77732672261904,0.0,0.0,0.0,0.0,0.0,0.0,0.0,0
2020-05-07,000001.SZ,8.953502420093175,1.0,0.0,0.0,0.3333333333333333,0.0,0.0,0.3333333333333333,0
2020-05-08,000001.SZ,8.833079655910351,0.0,0.0,0.0,0.0,0.0,0.0,0.0,0
2020-05-11,000001.SZ,8.779772382625978,0.0,0.0,0.0,0.0,0.0,0.0,0.0,0
2020-05-12,000001.SZ,8.715545931202426,0.0,0.0,0.0,0.0,0.0,0.0,0.0,0
2020-05-13,000001.SZ,8.468369784319792,0.0,0.0,0.0,0.0,0.0,0.0,0.0,0
2020-05-14,000001.SZ,8.52293211250218,-1.0,0.0,0.0,-0.3333333333333333,0.0,0.0,-0.3333333333333333,0
2020-05-15,000001.SZ,8.571832454432759,0.0,0.0,0.0,0.0,0.0,0.0,0.0,0
2020-05-18,000001.SZ,8.576996559466451,0.0,0.0,0.0,0.0,0.0,0.0,0.0,0
2020-05-19,000001.SZ,8.541119243799017,0.0,0.0,0.0,0.0,0.0,0.0,0.0,0
2020-05-20,000001.SZ,8.306884620790534,0.0,0.0,1.0,0.0,0.0,0.3333333333333333,0.3333333333333333,0
2020-05-21,000001.SZ,8.241412399256664,0.0,0.0,0.0,0.0,0.0,0.0,0.0,0
2020-05-22,000001.SZ,8.189210102061846,0.0,0.0,0.0,0.0,0.0,0.0,0.0,0
2020-05-25,000001.SZ,8.06288877564664,0.0,1.0,0.0,0.0,0.3333333333333333,0.0,0.3333333333333333,0
2020-05-26,000001.SZ,8.040941569443444,0.0,0.0,-1.0,0.0,0.0,-0.3333333333333333,-0.3333333333333333,0
2020-05-27,000001.SZ,8.110237918208279,0.0,0.0,0.0,0.0,0.0,0.0,0.0,0
2020-05-28,000001.SZ,8.426242323152527,0.0,-1.0,0.0,0.0,-0.3333333333333333,0.0,-0.3333333333333333,0
2020-05-29,000001.SZ,8.459943358461421,0.0,0.0,0.0,0.0,0.0,0.0,0.0,0
2020-06-01,000001.SZ,8.507885898742241,0.0,0.0,0.0,0.0,0.0,0.0,0.0,0
2020-06-02,000001.SZ,8.499476453364913,0.0,0.0,0.0,0.0,0.0,0.0,0.0,0
2020-06-03,000001.SZ,8.18357538353916,0.0,0.0,0.0,0.0,0.0,0.0,0.0,0
2020-06-04,000001.SZ,8.183327609012977,0.0,0.0,0.0,0.0,0.0,0.0,0.0,0
2020-06-05,000001.SZ,8.197288839421047,0.0,0.0,0.0,0.0,0.0,0.0,0.0,0
2020-06-08,000001.SZ,8.615546574744087,0.0,0.0,0.0,0.0,0.0,0.0,0.0,0
2020-06-09,000001.SZ,8.586756660964113,0.0,0.0,0.0,0.0,0.0,0.0,0.0,0
2020-06-10,000001.SZ,8.643019838228364,1.0,0.0,0.0,0.3333333333333333,0.0,0.0,0.3333333333333333,0
2020-06-11,000001.SZ,8.641341220892556,0.0,0.0,0.0,0.0,0.0,0.0,0.0,0
2020-06-12,000001.SZ,8.445926413733805,0.0,0.0,0.0,0.0,0.0,0.0,0.0,0
2020-06-15,000001.SZ,8.645515093700851,0.0,0.0,0.0,0.0,0.0,0.0,0.0,0
2020-06-16,000001.SZ,8.780903975739879,0.0,0.0,0.0,0.0,0.0,0.0,0.0,0
2020-06-17,000001.SZ,8.925389782314646,0.0,0.0,0.0,0.0,0.0,0.0,0.0,0
2020-06-18,000001.SZ,8.768907714717809,0.0,0.0,0.0,0.0,0.0,0.0,0.0,0
2020-06-19,000001.SZ,9.022921174613272,0.0,0.0,0.0,0.0,0.0,0.0,0.0,0
2020-06-22,000001.SZ,8.777846600536536,0.0,0.0,0.0,0.0,0.0,0.0,0.0,0
2020-06-23,000001.SZ,8.885922274762798,0.0,0.0,0.0,0.0,0.0,0.0,0.0,0
2020-06-24,000001.SZ,9.288502732773718,0.0,0.0,0.0,0.0,0.0,0.0,0.0,0
2020-06-25,000001.SZ,9.110855763309834,0.0,0.0,0.0,0.0,0.0,0.0,0.0,0
2020-06-26,000001.SZ,9.012754033095424,0.0,0.0,0.0,0.0,0.0,0.0,0.0,0
2020-06-29,000001.SZ,9.035251106220713,0.0,0.0,0.0,0.0,0.0,0.0,0.0,0
2020-06-30,000001.SZ,8.949200540242629,0.0,0.0,0.0,0.0,0.0,0.0,0.0,0
2020-07-01,000001.SZ,8.68025524688589,0.0,0.0,0.0,0.0,0.0,0.0,0.0,0
2020-07-02,000001.SZ,8.696513463872675,0.0,0.0,0.0,0.0,0.0,0.0,0.0,0
2020-07-03,000001.SZ,8.517953562407456,-1.0,0.0,0.0,-0.3333333333333333,0.0,0.0,-0.3333333333333333,0
2020-07-06,000001.SZ,8.603318220172486,0.0,0.0,0.0,0.0,0.0,0.0,0.0,0
2020-07-07,000001.SZ,8.450786244380742,0.0,0.0,0.0,0.0,0.0,0.0,0.0,0
2020-07-08,000001.SZ,8.721211587703761,0.0,0.0,0.0,0.0,0.0,0.0,0.0,0
2020-07-09,000001.SZ,8.589951638180576,0.0,0.0,0.0,0.0,0.0,0.0,0.0,0
2020-07-10,000001.SZ,8.539068062222263,0.0,0.0,0.0,0.0,0.0,0.0,0.0,0
2020-07-13,000001.SZ,8.68347869753073,0.0,0.0,0.0,0.0,0.0,0.0,0.0,0
2020-07-14,000001.SZ,8.476561920254603,0.0,1.0,0.0,0.0,0.3333333333333333,0.0,0.3333333333333333,0
2020-07-15,000001.SZ,8.519470000166562,0.0,-1.0,0.0,0.0,-0.3333333333333333,0.0,-0.3333333333333333,0
2020-07-16,000001.SZ,8.749503775926982,0.0,0.0,0.0,0.0,0.0,0.0,0.0,0
2020-07-17,000001.SZ,8.476921241586716,0.0,0.0,0.0,0.0,0.0,0.0,0.0,0
2020-07-20,000001.SZ,8.512536845946824,0.0,0.0,0.0,0.0,0.0,0.0,0.0,0
2020-07-21,000001.SZ,8.561176786841612,0.0,0.0,0.0,0.0,0.0,0.0,0.0,0
2020-07-22,000001.SZ,8.700444473283277,0.0,0.0,0.0,0.0,0.0,0.0,0.0,0
2020-07-23,000001.SZ,8.492089635062547,0.0,0.0,0.0,0.0,0.0,0.0,0.0,0
2020-07-24,000001.SZ,8.27489280217629,0.0,0.0,0.0,0.0,0.0,0.0,0.0,0
2020-07-27,000001.SZ,8.365907347496126,0.0,0.0,0.0,0.0,0.0,0.0,0.0,0
2020-07-28,000001.SZ,8.419955064956026,0.0,0.0,0.0,0.0,0.0,0.0,0.0,0
2020-07-29,000001.SZ,8.466475857133153,0.0,0.0,0.0,0.0,0.0,0.0,0.0,0
2020-07-30,000001.SZ,8.529607213033128,0.0,0.0,0.0,0.0,0.0,0.0,0.0,0
2020-07-31,000001.SZ,8.41859389361999,0.0,0.0,0.0,0.0,0.0,0.0,0.0,0
2020-08-03,000001.SZ,8.462019800655247,0.0,0.0,0.0,0.0,0.0,0.0,0.0,0
2020-08-04,000001.SZ,8.516022096320848,0.0,0.0,0.0,0.0,0.0,0.0,0.0,0
2020-08-05,000001.SZ,8.399417123233286,0.0,0.0,0.0,0.0,0.0,0.0,0.0,0
2020-08-06,000001.SZ,8.723127253118161,0.0,0.0,0.0,0.0,0.0,0.0,0.0,0
2020-08-07,000001.SZ,8.810590483990133,1.0,0.0,0.0,0.3333333333333333,0.0,0.0,0.3333333333333333,0
2020-08-10,000001.SZ,8.607452450725518,0.0,0.0,0.0,0.0,0.0,0.0,0.0,0
2020-08-11,000001.SZ,8.725584560830107,0.0,0.0,0.0,0.0,0.0,0.0,0.0,0
2020-08-12,000001.SZ,8.56141800150237,0.0,0.0,0.0,0.0,0.0,0.0,0.0,0
2020-08-13,000001.SZ,8.701605273979947,0.0,0.0,0.0,0.0,0.0,0.0,0.0,0
2020-08-14,000001.SZ,8.910046269642114,0.0,0.0,0.0,0.0,0.0,0.0,0.0,0
2020-08-17,000001.SZ,8.769377191795382,0.0,0.0,0.0,0.0,0.0,0.0,0.0,0
2020-08-18,000001.SZ,8.944450737759093,0.0,0.0,0.0,0.0,0.0,0.0,0.0,0
2020-08-19,000001.SZ,9.023108783882014,0.0,0.0,0.0,0.0,0.0,0.0,0.0,0
2020-08-20,000001.SZ,9.177273282191132,0.0,0.0,0.0,0.0,0.0,0.0,0.0,0
2020-08-21,000001.SZ,9.536876224690108,0.0,0.0,0.0,0.0,0.0,0.0,0.0,0
2020-08-24,000001.SZ,9.494932448023285,0.0,0.0,0.0,0.0,0.0,0.0,0.0,0
2020-08-25,000001.SZ,9.357550022301464,0.0,0.0,0.0,0.0,0.0,0.0,0.0,0
2020-08-26,000001.SZ,9.197145993967643,0.0,0.0,0.0,0.0,0.0,0.0,0.0,0
2020-08-27,000001.SZ,9.052826344193356,0.0,0.0,0.0,0.0,0.0,0.0,0.0,0
2020-08-28,000001.SZ,9.04339790287437,0.0,0.0,0.0,0.0,0.0,0.0,0.0,0
2020-08-31,000001.SZ,9.109866140623078,0.0,0.0,0.0,0.0,0.0,0.0,0.0,0
2020-09-01,000001.SZ,9.1649995617673,0.0,0.0,0.0,0.0,0.0,0.0,0.0,0
2020-09-02,000001.SZ,9.322543493159191,0.0,0.0,0.0,0.0,0.0,0.0,0.0,0
2020-09-03,000001.SZ,9.329631672257218,0.0,0.0,0.0,0.0,0.0,0.0,0.0,0
2020-09-04,000001.SZ,9.609634777496698,0.0,0.0,0.0,0.0,0.0,0.0,0.0,0
2020-09-07,000001.SZ,9.56368469519386,0.0,0.0,0.0,0.0,0.0,0.0,0.0,0
2020-09-08,000001.SZ,10.103445098061705,0.0,0.0,0.0,0.0,0.0,0.0,0.0,0
2020-09-09,000001.SZ,10.23578395268613,0.0,0.0,0.0,0.0,0.0,0.0,0.0,0
2020-09-10,000001.SZ,10.066838049284971,0.0,0.0,0.0,0.0,0.0,0.0,0.0,0
2020-09-11,000001.SZ,9.85844856977697,0.0,0.0,0.0,0.0,0.0,0.0,0.0,0
2020-09-14,000001.SZ,9.959015871923322,0.0,0.0,0.0,0.0,0.0,0.0,0.0,0
2020-09-15,000001.SZ,9.919564339748536,0.0,0.0,0.0,0.0,0.0,0.0,0.0,0
2020-09-16,000001.SZ,10.067264414263136,0.0,0.0,0.0,0.0,0.0,0.0,0.0,0
2020-09-17,000001.SZ,10.168083697773698,0.0,0.0,0.0,0.0,0.0,0.0,0.0,0
2020-09-18,000001.SZ,10.1583617806609,0.0,0.0,0.0,0.0,0.0,0.0,0.0,0
2020-09-21,000001.SZ,9.99276481598844,0.0,0.0,0.0,0.0,0.0,0.0,0.0,0
2020-09-22,000001.SZ,9.699403300777416,0.0,0.0,0.0,0.0,0.0,0.0,0.0,0
2020-09-23,000001.SZ,9.61797813193033,0.0,0.0,0.0,0.0,0.0,0.0,0.0,0
2020-09-24,000001.SZ,9.789026810142596,0.0,0.0,0.0,0.0,0.0,0.0,0.0,0
2020-09-25,000001.SZ,9.835948809725663,0.0,0.0,0.0,0.0,0.0,0.0,0.0,0
2020-09-28,000001.SZ,9.59871412689185,-1.0,0.0,0.0,-0.3333333333333333,0.0,0.0,-0.3333333333333333,0
2020-09-29,000001.SZ,9.636835266865182,0.0,0.0,0.0,0.0,0.0,0.0,0.0,0
2020-09-30,000001.SZ,9.716243868428464,0.0,0.0,0.0,0.0,0.0,0.0,0.0,0
2020-10-01,000001.SZ,9.550771740722372,0.0,0.0,0.0,0.0,0.0,0.0,0.0,0
2020-10-02,000001.SZ,9.584972082729308,0.0,0.0,0.0,0.0,0.0,0.0,0.0,0
2020-10-05,000001.SZ,9.600936427638601,0.0,0.0,0.0,0.0,0.0,0.0,0.0,0
2020-10-06,000001.SZ,9.388647365446392,0.0,1.0,0.0,0.0,0.3333333333333333,0.0,0.3333333333333333,0
2020-10-07,000001.SZ,9.460800316257927,0.0,0.0,0.0,0.0,0.0,0.0,0.0,0
2020-10-08,000001.SZ,9.57229195039392,0.0,-1.0,0.0,0.0,-0.3333333333333333,0.0,-0.3333333333333333,0
2020-10-09,000001.SZ,9.786791739356497,0.0,0.0,0.0,0.0,0.0,0.0,0.0,0
2020-10-12,000001.SZ,10.000246432538342,0.0,0.0,0.0,0.0,0.0,0.0,0.0,0
2020-10-13,000001.SZ,9.733332632328683,0.0,0.0,0.0,0.0,0.0,0.0,0.0,0
2020-10-14,000001.SZ,9.557248270218516,1.0,0.0,0.0,0.3333333333333333,0.0,0.0,0.3333333333333333,0
2020-10-15,000001.SZ,9.661032756599587,0.0,0.0,0.0,0.0,0.0,0.0,0.0,0
2020-10-16,000001.SZ,9.765700251974344,0.0,0.0,0.0,0.0,0.0,0.0,0.0,0
2020-10-19,000001.SZ,9.871750821152656,0.0,0.0,0.0,0.0,0.0,0.0,0.0,0
2020-10-20,000001.SZ,10.667821305761493,0.0,0.0,0.0,0.0,0.0,0.0,0.0,0
2020-10-21,000001.SZ,10.795718991836807,0.0,0.0,0.0,0.0,0.0,0.0,0.0,0
2020-10-22,000001.SZ,11.049232612348227,0.0,0.0,0.0,0.0,0.0,0.0,0.0,0
2020-10-23,000001.SZ,11.267708883280443,0.0,0.0,0.0,0.0,0.0,0.0,0.0,0
2020-10-26,000001.SZ,11.42117214926991,0.0,0.0,0.0,0.0,0.0,0.0,0.0,0
2020-10-27,000001.SZ,11.355059938111099,0.0,0.0,0.0,0.0,0.0,0.0,0.0,0
2020-10-28,000001.SZ,11.534503393103662,0.0,0.0,0.0,0.0,0.0,0.0,0.0,0
2020-10-29,000001.SZ,11.36327125273218,0.0,0.0,0.0,0.0,0.0,0.0,0.0,0
2020-10-30,000001.SZ,11.315234030654493,0.0,0.0,0.0,0.0,0.0,0.0,0.0,0
2020-11-02,000001.SZ,11.211529754299427,0.0,0.0,0.0,0.0,0.0,0.0,0.0,0
2020-11-03,000001.SZ,11.235519836233042,0.0,0.0,0.0,0.0,0.0,0.0,0.0,0
2020-11-04,000001.SZ,11.77376022083349,0.0,0.0,0.0,0.0,0.0,0.0,0.0,0
2020-11-05,000001.SZ,11.347847080597484,0.0,0.0,0.0,0.0,0.0,0.0,0.0,0
2020-11-06,000001.SZ,11.510426136631562,0.0,0.0,0.0,0.0,0.0,0.0,0.0,0
2020-11-09,000001.SZ,11.15066266289449,0.0,0.0,0.0,0.0,0.0,0.0,0.0,0
2020-11-10,000001.SZ,11.051435073918135,0.0,0.0,0.0,0.0,0.0,0.0,0.0,0
2020-11-11,000001.SZ,11.300413324213952,0.0,0.0,0.0,0.0,0.0,0.0,0.0,0
2020-11-12,000001.SZ,11.32060937223089,0.0,0.0,0.0,0.0,0.0,0.0,0.0,0
2020-11-13,000001.SZ,11.084746867697792,0.0,0.0,0.0,0.0,0.0,0.0,0.0,0
2020-11-16,000001.SZ,10.932761604152244,-1.0,0.0,0.0,-0.3333333333333333,0.0,0.0,-0.3333333333333333,0
2020-11-17,000001.SZ,11.087916236937323,0.0,0.0,0.0,0.0,0.0,0.0,0.0,0
2020-11-18,000001.SZ,10.93259348520164,0.0,0.0,0.0,0.0,0.0,0.0,0.0,0
2020-11-19,000001.SZ,10.985516541684515,0.0,0.0,0.0,0.0,0.0,0.0,0.0,0
2020-11-20,000001.SZ,11.001032851546773,0.0,0.0,0.0,0.0,0.0,0.0,0.0,0
2020-11-23,000001.SZ,10.864028096699554,0.0,0.0,0.0,0.0,0.0,0.0,0.0,0
2020-11-24,000001.SZ,11.345668473766386,0.0,0.0,0.0,0.0,0.0,0.0,0.0,0
2020-11-25,000001.SZ,11.496175550889305,0.0,0.0,0.0,0.0,0.0,0.0,0.0,0
2020-11-26,000001.SZ,11.045372561435563,0.0,0.0,0.0,0.0,0.0,0.0,0.0,0
2020-11-27,000001.SZ,11.092183308739376,0.0,0.0,0.0,0.0,0.0,0.0,0.0,0
2020-11-30,000001.SZ,10.951812027476837,1.0,0.0,0.0,0.3333333333333333,0.0,0.0,0.3333333333333333,0
2020-12-01,000001.SZ,11.145697970696114,-1.0,0.0,0.0,-0.3333333333333333,0.0,0.0,-0.3333333333333333,0
2020-12-02,000001.SZ,10.975913350057322,0.0,0.0,0.0,0.0,0.0,0.0,0.0,0
2020-12-03,000001.SZ,10.956232228360737,0.0,0.0,0.0,0.0,0.0,0.0,0.0,0
2020-12-04,000001.SZ,11.072983174531768,0.0,0.0,0.0,0.0,0.0,0.0,0.0,0
2020-12-07,000001.SZ,11.27201716160827,0.0,0.0,0.0,0.0,0.0,0.0,0.0,0
2020-12-08,000001.SZ,11.010147735576584,0.0,0.0,0.0,0.0,0.0,0.0,0.0,0
2020-12-09,000001.SZ,10.942205149045352,0.0,0.0,0.0,0.0,0.0,0.0,0.0,0
2020-12-10,000001.SZ,10.84417899662521,0.0,0.0,0.0,0.0,0.0,0.0,0.0,0
2020-12-11,000001.SZ,10.708757379032017,0.0,0.0,0.0,0.0,0.0,0.0,0.0,0
2020-12-14,000001.SZ,11.099176741853592,0.0,0.0,0.0,0.0,0.0,0.0,0.0,0
2020-12-15,000001.SZ,11.19503719360966,0.0,0.0,0.0,0.0,0.0,0.0,0.0,0
2020-12-16,000001.SZ,10.92171373343219,0.0,0.0,0.0,0.0,0.0,0.0,0.0,0
2020-12-17,000001.SZ,11.129621218636183,0.0,0.0,0.0,0.0,0.0,0.0,0.0,0
2020-12-18,000001.SZ,11.617972542175547,1.0,0.0,0.0,0.3333333333333333,0.0,0.0,0.3333333333333333,0
2020-12-21,000001.SZ,11.866301323756707,0.0,0.0,0.0,0.0,0.0,0.0,0.0,0
2020-12-22,000001.SZ,11.51689585668787,0.0,0.0,0.0,0.0,0.0,0.0,0.0,0
2020-12-23,000001.SZ,11.41160112635228,0.0,0.0,0.0,0.0,0.0,0.0,0.0,0
2020-12-24,000001.SZ,11.710298913155146,0.0,0.0,0.0,0.0,0.0,0.0,0.0,0
2020-12-25,000001.SZ,11.551500180454495,0.0,0.0,0.0,0.0,0.0,0.0,0.0,0
2020-12-28,000001.SZ,11.660320910091741,0.0,0.0,0.0,0.0,0.0,0.0,0.0,0
2020-12-29,000001.SZ,11.848299840573484,0.0,0.0,0.0,0.0,0.0,0.0,0.0,0
2020-12-30,000001.SZ,11.636489116204894,0.0,0.0,0.0,0.0,0.0,0.0,0.0,0
2020-12-31,000001.SZ,11.628456811105055,0.0,0.0,0.0,0.0,0.0,0.0,0.0,0
2021-01-01,000001.SZ,10.904002466159213,0.0,0.0,0.0,0.0,0.0,0.0,0.0,0
2021-01-04,000001.SZ,10.688219650739754,0.0,0.0,0.0,0.0,0.0,0.0,0.0,0
2021-01-05,000001.SZ,10.639684217958724,-1.0,0.0,0.0,-0.3333333333333333,0.0,0.0,-0.3333333333333333,0
2021-01-06,000001.SZ,10.382639588955149,0.0,0.0,0.0,0.0,0.0,0.0,0.0,0
2021-01-07,000001.SZ,10.732573475295899,0.0,0.0,0.0,0.0,0.0,0.0,0.0,0
2021-01-08,000001.SZ,10.435156516372789,0.0,1.0,0.0,0.0,0.3333333333333333,0.0,0.3333333333333333,0
2021-01-11,000001.SZ,10.348893956099069,0.0,-1.0,0.0,0.0,-0.3333333333333333,0.0,-0.3333333333333333,0
2021-01-12,000001.SZ,10.38117906539192,0.0,0.0,0.0,0.0,0.0,0.0,0.0,0
2021-01-13,000001.SZ,10.690119751612237,0.0,0.0,0.0,0.0,0.0,0.0,0.0,0
2021-01-14,000001.SZ,10.392690101502273,0.0,0.0,0.0,0.0,0.0,0.0,0.0,0
2021-01-15,000001.SZ,10.642612177674772,0.0,0.0,0.0,0.0,0.0,0.0,0.0,0
2021-01-18,000001.SZ,10.650114256661688,0.0,0.0,0.0,0.0,0.0,0.0,0.0,0
2021-01-19,000001.SZ,10.448312137282251,0.0,0.0,0.0,0.0,0.0,0.0,0.0,0
2021-01-20,000001.SZ,10.55059774791555,0.0,0.0,0.0,0.0,0.0,0.0,0.0,0
2021-01-21,000001.SZ,10.5979831145182,0.0,0.0,0.0,0.0,0.0,0.0,0.0,0
2021-01-22,000001.SZ,10.47675897817937,0.0,0.0,0.0,0.0,0.0,0.0,0.0,0
2021-01-25,000001.SZ,10.496642193827117,0.0,0.0,0.0,0.0,0.0,0.0,0.0,0
2021-01-26,000001.SZ,10.421272429424214,0.0,0.0,0.0,0.0,0.0,0.0,0.0,0
2021-01-27,000001.SZ,10.450182996905777,0.0,0.0,0.0,0.0,0.0,0.0,0.0,0
2021-01-28,000001.SZ,10.594787166527995,0.0,0.0,0.0,0.0,0.0,0.0,0.0,0
2021-01-29,000001.SZ,10.941713805828272,1.0,0.0,0.0,0.3333333333333333,0.0,0.0,0.3333333333333333,0
2021-02-01,000001.SZ,10.679501215361192,0.0,0.0,0.0,0.0,0.0,0.0,0.0,0
2021-02-02,000001.SZ,11.150527400190743,0.0,0.0,0.0,0.0,0.0,0.0,0.0,0
2021-02-03,000001.SZ,10.728942982039465,0.0,0.0,0.0,0.0,0.0,0.0,0.0,0
2021-02-04,000001.SZ,10.701772044185265,0.0,0.0,0.0,0.0,0.0,0.0,0.0,0
2021-02-05,000001.SZ,10.833852076345805,0.0,0.0,0.0,0.0,0.0,0.0,0.0,0
2021-02-08,000001.SZ,10.900356780400674,0.0,0.0,0.0,0.0,0.0,0.0,0.0,0
2021-02-09,000001.SZ,10.770829745023416,0.0,0.0,0.0,0.0,0.0,0.0,0.0,0
2021-02-10,000001.SZ,10.73145432257414,0.0,0.0,0.0,0.0,0.0,0.0,0.0,0
2021-02-11,000001.SZ,10.631476337336363,0.0,0.0,0.0,0.0,0.0,0.0,0.0,0
2021-02-12,000001.SZ,10.512150426412814,0.0,0.0,0.0,0.0,0.0,0.0,0.0,0
2021-02-15,000001.SZ,10.697647030041677,0.0,0.0,0.0,0.0,0.0,0.0,0.0,0
2021-02-16,000001.SZ,10.779693397331233,-1.0,0.0,0.0,-0.3333333333333333,0.0,0.0,-0.3333333333333333,0
2021-02-17,000001.SZ,10.636653687208817,0.0,0.0,0.0,0.0,0.0,0.0,0.0,0
2021-02-18,000001.SZ,10.835176545687661,0.0,0.0,0.0,0.0,0.0,0.0,0.0,0
2021-02-19,000001.SZ,10.907426846650266,1.0,0.0,0.0,0.3333333333333333,0.0,0.0,0.3333333333333333,0
2021-02-22,000001.SZ,11.091745263105896,0.0,0.0,0.0,0.0,0.0,0.0,0.0,0
2021-02-23,000001.SZ,11.237919601574502,0.0,0.0,0.0,0.0,0.0,0.0,0.0,0
2021-02-24,000001.SZ,11.058660075838112,0.0,0.0,0.0,0.0,0.0,0.0,0.0,0
2021-02-25,000001.SZ,10.940923599149627,0.0,0.0,0.0,0.0,0.0,0.0,0.0,0
2021-02-26,000001.SZ,11.111227566552671,0.0,0.0,0.0,0.0,0.0,0.0,0.0,0
2021-03-01,000001.SZ,11.253323361035605,0.0,0.0,0.0,0.0,0.0,0.0,0.0,0
2021-03-02,000001.SZ,11.254245812608625,0.0,0.0,0.0,0.0,0.0,0.0,0.0,0
2021-03-03,000001.SZ,11.286327198695911,0.0,0.0,0.0,0.0,0.0,0.0,0.0,0
2021-03-04,000001.SZ,11.584237161134434,0.0,0.0,0.0,0.0,0.0,0.0,0.0,0
2021-03-05,000001.SZ,11.453712128513299,0.0,0.0,0.0,0.0,0.0,0.0,0.0,0
2021-03-08,000001.SZ,11.585517520000664,0.0,0.0,0.0,0.0,0.0,0.0,0.0,0
2021-03-09,000001.SZ,11.544532813199513,0.0,0.0,0.0,0.0,0.0,0.0,0.0,0
2021-03-10,000001.SZ,11.50013013430246,0.0,0.0,0.0,0.0,0.0,0.0,0.0,0
2021-03-11,000001.SZ,11.761528263086342,0.0,0.0,0.0,0.0,0.0,0.0,0.0,0
2021-03-12,000001.SZ,11.963283073795655,0.0,0.0,0.0,0.0,0.0,0.0,0.0,0
2021-03-15,000001.SZ,12.16560135314186,0.0,0.0,0.0,0.0,0.0,0.0,0.0,0
2021-03-16,000001.SZ,12.493668352954739,0.0,0.0,0.0,0.0,0.0,0.0,0.0,0
2021-03-17,000001.SZ,12.505168777587006,0.0,0.0,0.0,0.0,0.0,0.0,0.0,0
2021-03-18,000001.SZ,12.683235987006125,0.0,0.0,0.0,0.0,0.0,0.0,0.0,0
2021-03-19,000001.SZ,12.611079908177793,0.0,0.0,0.0,0.0,0.0,0.0,0.0,0
2021-03-22,000001.SZ,12.699455422036223,0.0,0.0,0.0,0.0,0.0,0.0,0.0,0
2021-03-23,000001.SZ,12.672778290380258,0.0,0.0,0.0,0.0,0.0,0.0,0.0,0
2021-03-24,000001.SZ,12.703736599242943,0.0,0.0,0.0,0.0,0.0,0.0,0.0,0
2021-03-25,000001.SZ,12.86228403981556,0.0,0.0,0.0,0.0,0.0,0.0,0.0,0
2021-03-26,000001.SZ,12.659841507047542,0.0,0.0,0.0,0.0,0.0,0.0,0.0,0
2021-03-29,000001.SZ,13.207470849818117,0.0,0.0,0.0,0.0,0.0,0.0,0.0,0
2021-03-30,000001.SZ,12.950861296690206,0.0,0.0,0.0,0.0,0.0,0.0,0.0,0
2021-03-31,000001.SZ,12.646475036167056,0.0,0.0,0.0,0.0,0.0,0.0,0.0,0
2021-04-01,000001.SZ,12.949287153194241,0.0,0.0,0.0,0.0,0.0,0.0,0.0,0
2021-04-02,000001.SZ,13.162527864571219,0.0,0.0,0.0,0.0,0.0,0.0,0.0,0
2021-04-05,000001.SZ,13.334523057336549,0.0,0.0,0.0,0.0,0.0,0.0,0.0,0
2021-04-06,000001.SZ,13.509907443017246,0.0,0.0,0.0,0.0,0.0,0.0,0.0,0
2021-04-07,000001.SZ,13.513353780886618,0.0,0.0,0.0,0.0,0.0,0.0,0.0,0
2021-04-08,000001.SZ,13.279656504171122,0.0,0.0,0.0,0.0,0.0,0.0,0.0,0
2021-04-09,000001.SZ,13.30645650885713,0.0,0.0,0.0,0.0,0.0,0.0,0.0,0
2021-04-12,000001.SZ,13.134024261526157,0.0,0.0,0.0,0.0,0.0,0.0,0.0,0
2021-04-13,000001.SZ,13.399381238588719,0.0,0.0,0.0,0.0,0.0,0.0,0.0,0
2021-04-14,000001.SZ,13.36671126317454,0.0,0.0,0.0,0.0,0.0,0.0,0.0,0
2021-04-15,000001.SZ,13.154414926072214,0.0,0.0,0.0,0.0,0.0,0.0,0.0,0
2021-04-16,000001.SZ,13.076669932089684,0.0,0.0,0.0,0.0,0.0,0.0,0.0,0
2021-04-19,000001.SZ,13.191706680397521,0.0,0.0,0.0,0.0,0.0,0.0,0.0,0
2021-04-20,000001.SZ,13.05033572245565,0.0,0.0,0.0,0.0,0.0,0.0,0.0,0
2021-04-21,000001.SZ,12.843905920072276,-1.0,0.0,0.0,-0.3333333333333333,0.0,0.0,-0.3333333333333333,0
2021-04-22,000001.SZ,12.913111565579687,0.0,0.0,0.0,0.0,0.0,0.0,0.0,0
2021-04-23,000001.SZ,12.983022300386422,0.0,0.0,0.0,0.0,0.0,0.0,0.0,0
2021-04-26,000001.SZ,12.858481898714203,0.0,0.0,0.0,0.0,0.0,0.0,0.0,0
2021-04-27,000001.SZ,12.744284510549559,0.0,1.0,0.0,0.0,0.3333333333333333,0.0,0.3333333333333333,0
2021-04-28,000001.SZ,12.809971565109299,0.0,-1.0,0.0,0.0,-0.3333333333333333,0.0,-0.3333333333333333,0
2021-04-29,000001.SZ,12.45051776174283,0.0,1.0,1.0,0.0,0.3333333333333333,0.3333333333333333,0.6666666666666666,1
2021-04-30,000001.SZ,12.110985506873376,0.0,0.0,0.0,0.0,0.0,0.0,0.0,0
2021-05-03,000001.SZ,11.944179032168613,0.0,0.0,0.0,0.0,0.0,0.0,0.0,0
2021-05-04,000001.SZ,11.899246828451977,0.0,0.0,0.0,0.0,0.0,0.0,0.0,0
2021-05-05,000001.SZ,11.9794568991595,0.0,0.0,-1.0,0.0,0.0,-0.3333333333333333,-0.3333333333333333,0
2021-05-06,000001.SZ,12.34437362122868,0.0,-1.0,0.0,0.0,-0.3333333333333333,0.0,-0.3333333333333333,0
2021-05-07,000001.SZ,12.564226063903952,0.0,0.0,0.0,0.0,0.0,0.0,0.0,0
2021-05-10,000001.SZ,12.530363813775246,0.0,0.0,0.0,0.0,0.0,0.0,0.0,0
2021-05-11,000001.SZ,12.531863485349993,0.0,0.0,0.0,0.0,0.0,0.0,0.0,0
2021-05-12,000001.SZ,12.289237661114958,0.0,0.0,0.0,0.0,0.0,0.0,0.0,0
2021-05-13,000001.SZ,12.290832136813489,0.0,0.0,0.0,0.0,0.0,0.0,0.0,0
2021-05-14,000001.SZ,12.226191036995711,0.0,0.0,0.0,0.0,0.0,0.0,0.0,0
2021-05-17,000001.SZ,12.31151284380012,0.0,0.0,0.0,0.0,0.0,0.0,0.0,0
2021-05-18,000001.SZ,12.115555546324387,0.0,0.0,0.0,0.0,0.0,0.0,0.0,0
2021-05-19,000001.SZ,12.248177367261558,0.0,0.0,0.0,0.0,0.0,0.0,0.0,0
2021-05-20,000001.SZ,12.635772994974424,0.0,0.0,0.0,0.0,0.0,0.0,0.0,0
2021-05-21,000001.SZ,12.614623230556033,1.0,0.0,0.0,0.3333333333333333,0.0,0.0,0.3333333333333333,0
2021-05-24,000001.SZ,12.722740073639036,0.0,0.0,0.0,0.0,0.0,0.0,0.0,0
2021-05-25,000001.SZ,12.906019483279119,0.0,0.0,0.0,0.0,0.0,0.0,0.0,0
2021-05-26,000001.SZ,12.809273742211273,0.0,0.0,0.0,0.0,0.0,0.0,0.0,0
2021-05-27,000001.SZ,12.873246837804134,0.0,0.0,0.0,0.0,0.0,0.0,0.0,0
2021-05-28,000001.SZ,12.882929202271082,0.0,0.0,0.0,0.0,0.0,0.0,0.0,0
2021-05-31,000001.SZ,12.914576559987314,0.0,0.0,0.0,0.0,0.0,0.0,0.0,0
2021-06-01,000001.SZ,12.722809976918974,0.0,0.0,0.0,0.0,0.0,0.0,0.0,0
2021-06-02,000001.SZ,12.735414387134963,0.0,0.0,0.0,0.0,0.0,0.0,0.0,0
2021-06-03,000001.SZ,12.869325518376238,0.0,0.0,0.0,0.0,0.0,0.0,0.0,0
2021-06-04,000001.SZ,13.254929024636503,0.0,0.0,0.0,0.0,0.0,0.0,0.0,0
2021-06-07,000001.SZ,13.518443005090619,0.0,0.0,0.0,0.0,0.0,0.0,0.0,0
2021-06-08,000001.SZ,14.120371625257572,0.0,0.0,0.0,0.0,0.0,0.0,0.0,0
2021-06-09,000001.SZ,13.912275773050597,0.0,0.0,0.0,0.0,0.0,0.0,0.0,0
2021-06-10,000001.SZ,14.164205068088718,0.0,0.0,0.0,0.0,0.0,0.0,0.0,0
2021-06-11,000001.SZ,14.223348180333579,0.0,0.0,0.0,0.0,0.0,0.0,0.0,0
2021-06-14,000001.SZ,14.867548891038656,0.0,0.0,0.0,0.0,0.0,0.0,0.0,0
2021-06-15,000001.SZ,14.636449305454457,0.0,0.0,0.0,0.0,0.0,0.0,0.0,0
2021-06-16,000001.SZ,14.399889147946345,0.0,0.0,0.0,0.0,0.0,0.0,0.0,0
2021-06-17,000001.SZ,14.235411893608006,0.0,0.0,0.0,0.0,0.0,0.0,0.0,0
2021-06-18,000001.SZ,13.65020774730542,0.0,0.0,0.0,0.0,0.0,0.0,0.0,0
2021-06-21,000001.SZ,13.514181839314825,0.0,0.0,0.0,0.0,0.0,0.0,0.0,0
2021-06-22,000001.SZ,13.317207386100808,0.0,0.0,0.0,0.0,0.0,0.0,0.0,0
2021-06-23,000001.SZ,13.364004525963812,0.0,0.0,0.0,0.0,0.0,0.0,0.0,0
2021-06-24,000001.SZ,13.462391495323729,-1.0,0.0,0.0,-0.3333333333333333,0.0,0.0,-0.3333333333333333,0
2021-06-25,000001.SZ,13.984133975045744,0.0,0.0,0.0,0.0,0.0,0.0,0.0,0
2021-06-28,000001.SZ,14.259621562307387,0.0,0.0,0.0,0.0,0.0,0.0,0.0,0
2021-06-29,000001.SZ,14.103088318946508,1.0,0.0,0.0,0.3333333333333333,0.0,0.0,0.3333333333333333,0
2021-06-30,000001.SZ,13.858870676723893,0.0,0.0,0.0,0.0,0.0,0.0,0.0,0
2021-07-01,000001.SZ,14.002892187714481,0.0,0.0,0.0,0.0,0.0,0.0,0.0,0
2021-07-02,000001.SZ,13.64480999218159,0.0,0.0,0.0,0.0,0.0,0.0,0.0,0
2021-07-05,000001.SZ,14.160953227031337,-1.0,0.0,0.0,-0.3333333333333333,0.0,0.0,-0.3333333333333333,0
2021-07-06,000001.SZ,14.50621541230758,1.0,0.0,0.0,0.3333333333333333,0.0,0.0,0.3333333333333333,0
2021-07-07,000001.SZ,14.3779199593867,0.0,0.0,0.0,0.0,0.0,0.0,0.0,0
2021-07-08,000001.SZ,13.90058607731637,0.0,0.0,0.0,0.0,0.0,0.0,0.0,0
2021-07-09,000001.SZ,14.28926349273198,0.0,0.0,0.0,0.0,0.0,0.0,0.0,0
2021-07-12,000001.SZ,14.263697222724808,0.0,0.0,0.0,0.0,0.0,0.0,0.0,0
2021-07-13,000001.SZ,14.628533633528031,0.0,0.0,0.0,0.0,0.0,0.0,0.0,0
2021-07-14,000001.SZ,14.17649663455942,0.0,0.0,0.0,0.0,0.0,0.0,0.0,0
2021-07-15,000001.SZ,14.014575935633482,0.0,0.0,0.0,0.0,0.0,0.0,0.0,0
2021-07-16,000001.SZ,14.02305555245029,0.0,0.0,0.0,0.0,0.0,0.0,0.0,0
2021-07-19,000001.SZ,14.043257847994727,0.0,0.0,0.0,0.0,0.0,0.0,0.0,0
2021-07-20,000001.SZ,13.924377801635654,-1.0,0.0,0.0,-0.3333333333333333,0.0,0.0,-0.3333333333333333,0
2021-07-21,000001.SZ,14.105969849406346,0.0,0.0,0.0,0.0,0.0,0.0,0.0,0
2021-07-22,000001.SZ,13.814871996194194,0.0,0.0,0.0,0.0,0.0,0.0,0.0,0
2021-07-23,000001.SZ,13.782478383316448,0.0,0.0,0.0,0.0,0.0,0.0,0.0,0
2021-07-26,000001.SZ,13.822587309675157,0.0,0.0,0.0,0.0,0.0,0.0,0.0,0
2021-07-27,000001.SZ,13.972523476878184,0.0,0.0,0.0,0.0,0.0,0.0,0.0,0
2021-07-28,000001.SZ,14.179894626520094,0.0,0.0,0.0,0.0,0.0,0.0,0.0,0
2021-07-29,000001.SZ,13.871442746144613,0.0,0.0,0.0,0.0,0.0,0.0,0.0,0
2021-07-30,000001.SZ,13.4590260760213,0.0,0.0,1.0,0.0,0.0,0.3333333333333333,0.3333333333333333,0
2021-08-02,000001.SZ,13.814289136429384,0.0,0.0,-1.0,0.0,0.0,-0.3333333333333333,-0.3333333333333333,0
2021-08-03,000001.SZ,13.913363502864582,0.0,0.0,0.0,0.0,0.0,0.0,0.0,0
2021-08-04,000001.SZ,13.71349042157231,0.0,0.0,0.0,0.0,0.0,0.0,0.0,0
2021-08-05,000001.SZ,14.152667046044423,0.0,0.0,0.0,0.0,0.0,0.0,0.0,0
2021-08-06,000001.SZ,14.192541538256929,0.0,0.0,0.0,0.0,0.0,0.0,0.0,0
2021-08-09,000001.SZ,14.538532325193863,1.0,0.0,0.0,0.3333333333333333,0.0,0.0,0.3333333333333333,0
2021-08-10,000001.SZ,14.565458888211488,0.0,0.0,0.0,0.0,0.0,0.0,0.0,0
2021-08-11,000001.SZ,15.18590742414419,0.0,0.0,0.0,0.0,0.0,0.0,0.0,0
2021-08-12,000001.SZ,15.736371222958335,0.0,0.0,0.0,0.0,0.0,0.0,0.0,0
2021-08-13,000001.SZ,15.666041194976248,0.0,0.0,0.0,0.0,0.0,0.0,0.0,0
2021-08-16,000001.SZ,15.981420160974134,0.0,0.0,0.0,0.0,0.0,0.0,0.0,0
2021-08-17,000001.SZ,16.197134219046923,0.0,0.0,0.0,0.0,0.0,0.0,0.0,0
2021-08-18,000001.SZ,16.6549414750299,0.0,0.0,0.0,0.0,0.0,0.0,0.0,0
2021-08-19,000001.SZ,16.344778498861658,0.0,0.0,0.0,0.0,0.0,0.0,0.0,0
2021-08-20,000001.SZ,16.578878698740105,0.0,0.0,0.0,0.0,0.0,0.0,0.0,0
2021-08-23,000001.SZ,16.942038312639625,0.0,0.0,0.0,0.0,0.0,0.0,0.0,0
2021-08-24,000001.SZ,16.364645042503206,0.0,0.0,0.0,0.0,0.0,0.0,0.0,0
2021-08-25,000001.SZ,15.989912384301615,0.0,0.0,0.0,0.0,0.0,0.0,0.0,0
2021-08-26,000001.SZ,15.358566612554958,0.0,0.0,0.0,0.0,0.0,0.0,0.0,0
2021-08-27,000001.SZ,15.283675028877099,0.0,0.0,0.0,0.0,0.0,0.0,0.0,0
2021-08-30,000001.SZ,15.512344282679333,0.0,0.0,0.0,0.0,0.0,0.0,0.0,0
2021-08-31,000001.SZ,15.99351381264711,0.0,0.0,0.0,0.0,0.0,0.0,0.0,0
2021-09-01,000001.SZ,16.025242718739342,-1.0,0.0,0.0,-0.3333333333333333,0.0,0.0,-0.3333333333333333,0
2021-09-02,000001.SZ,16.564095974998057,1.0,0.0,0.0,0.3333333333333333,0.0,0.0,0.3333333333333333,0
2021-09-03,000001.SZ,16.12120410605664,0.0,0.0,0.0,0.0,0.0,0.0,0.0,0
2021-09-06,000001.SZ,15.589034990745391,0.0,0.0,0.0,0.0,0.0,0.0,0.0,0
2021-09-07,000001.SZ,15.579513716631979,-1.0,0.0,0.0,-0.3333333333333333,0.0,0.0,-0.3333333333333333,0
2021-09-08,000001.SZ,15.707497355063449,0.0,0.0,0.0,0.0,0.0,0.0,0.0,0
2021-09-09,000001.SZ,15.705080236352698,0.0,0.0,0.0,0.0,0.0,0.0,0.0,0
2021-09-10,000001.SZ,15.07647225616953,0.0,0.0,0.0,0.0,0.0,0.0,0.0,0
2021-09-13,000001.SZ,15.057150567956029,0.0,0.0,0.0,0.0,0.0,0.0,0.0,0
2021-09-14,000001.SZ,14.67673532494185,0.0,0.0,0.0,0.0,0.0,0.0,0.0,0
2021-09-15,000001.SZ,14.882068920883192,0.0,0.0,0.0,0.0,0.0,0.0,0.0,0
2021-09-16,000001.SZ,14.999082387189098,0.0,0.0,0.0,0.0,0.0,0.0,0.0,0
2021-09-17,000001.SZ,14.72713085841535,0.0,0.0,0.0,0.0,0.0,0.0,0.0,0
2021-09-20,000001.SZ,14.583840358488017,0.0,1.0,0.0,0.0,0.3333333333333333,0.0,0.3333333333333333,0
2021-09-21,000001.SZ,14.28528262937532,0.0,0.0,0.0,0.0,0.0,0.0,0.0,0
2021-09-22,000001.SZ,14.274521553485487,0.0,0.0,0.0,0.0,0.0,0.0,0.0,0
2021-09-23,000001.SZ,14.557103463001674,0.0,0.0,0.0,0.0,0.0,0.0,0.0,0
2021-09-24,000001.SZ,14.280065790381384,0.0,0.0,0.0,0.0,0.0,0.0,0.0,0
2021-09-27,000001.SZ,14.43196436830882,0.0,-1.0,0.0,0.0,-0.3333333333333333,0.0,-0.3333333333333333,0
2021-09-28,000001.SZ,14.286861547215132,0.0,1.0,0.0,0.0,0.3333333333333333,0.0,0.3333333333333333,0
2021-09-29,000001.SZ,14.06912788741103,0.0,0.0,0.0,0.0,0.0,0.0,0.0,0
2021-09-30,000001.SZ,14.046064898739647,0.0,0.0,0.0,0.0,0.0,0.0,0.0,0
2021-10-01,000001.SZ,13.76511415535277,0.0,0.0,0.0,0.0,0.0,0.0,0.0,0
2021-10-04,000001.SZ,13.620342477738383,0.0,0.0,0.0,0.0,0.0,0.0,0.0,0
2021-10-05,000001.SZ,13.304560720486727,0.0,0.0,0.0,0.0,0.0,0.0,0.0,0
2021-10-06,000001.SZ,13.844684805510894,0.0,-1.0,0.0,0.0,-0.3333333333333333,0.0,-0.3333333333333333,0
2021-10-07,000001.SZ,13.861381463134784,0.0,0.0,0.0,0.0,0.0,0.0,0.0,0
2021-10-08,000001.SZ,13.675585343438875,0.0,0.0,0.0,0.0,0.0,0.0,0.0,0
2021-10-11,000001.SZ,13.741105602255438,0.0,0.0,0.0,0.0,0.0,0.0,0.0,0
2021-10-12,000001.SZ,13.717126869453862,0.0,0.0,0.0,0.0,0.0,0.0,0.0,0
2021-10-13,000001.SZ,13.663469293492511,0.0,0.0,0.0,0.0,0.0,0.0,0.0,0
2021-10-14,000001.SZ,13.839255155967551,0.0,0.0,0.0,0.0,0.0,0.0,0.0,0
2021-10-15,000001.SZ,14.057545315092877,0.0,0.0,0.0,0.0,0.0,0.0,0.0,0
2021-10-18,000001.SZ,13.916139223177522,0.0,0.0,0.0,0.0,0.0,0.0,0.0,0
2021-10-19,000001.SZ,13.76367529773881,0.0,0.0,0.0,0.0,0.0,0.0,0.0,0
2021-10-20,000001.SZ,13.695014520934006,0.0,0.0,0.0,0.0,0.0,0.0,0.0,0
2021-10-21,000001.SZ,13.085352040262757,0.0,0.0,1.0,0.0,0.0,0.3333333333333333,0.3333333333333333,0
2021-10-22,000001.SZ,12.701112886516913,0.0,0.0,0.0,0.0,0.0,0.0,0.0,0
2021-10-25,000001.SZ,13.059647123378886,0.0,0.0,-1.0,0.0,0.0,-0.3333333333333333,-0.3333333333333333,0
2021-10-26,000001.SZ,13.50319680934675,0.0,0.0,0.0,0.0,0.0,0.0,0.0,0
2021-10-27,000001.SZ,13.442828103315678,0.0,0.0,0.0,0.0,0.0,0.0,0.0,0
2021-10-28,000001.SZ,13.605537467143478,0.0,0.0,0.0,0.0,0.0,0.0,0.0,0
2021-10-29,000001.SZ,13.697343099245483,0.0,0.0,0.0,0.0,0.0,0.0,0.0,0
2021-11-01,000001.SZ,14.574588460240648,1.0,0.0,0.0,0.3333333333333333,0.0,0.0,0.3333333333333333,0
2021-11-02,000001.SZ,14.912070625178194,0.0,0.0,0.0,0.0,0.0,0.0,0.0,0
2021-11-03,000001.SZ,14.881407905482114,0.0,0.0,0.0,0.0,0.0,0.0,0.0,0
2021-11-04,000001.SZ,14.607014133042327,0.0,0.0,0.0,0.0,0.0,0.0,0.0,0
2021-11-05,000001.SZ,14.152239880672873,0.0,0.0,0.0,0.0,0.0,0.0,0.0,0
2021-11-08,000001.SZ,14.217053286546683,0.0,0.0,0.0,0.0,0.0,0.0,0.0,0
2021-11-09,000001.SZ,14.010613714185391,0.0,0.0,0.0,0.0,0.0,0.0,0.0,0
2021-11-10,000001.SZ,13.624506103875744,0.0,0.0,0.0,0.0,0.0,0.0,0.0,0
2021-11-11,000001.SZ,13.45618205714416,0.0,0.0,0.0,0.0,0.0,0.0,0.0,0
2021-11-12,000001.SZ,13.174823172277222,-1.0,0.0,0.0,-0.3333333333333333,0.0,0.0,-0.3333333333333333,0
2021-11-15,000001.SZ,13.633779575984432,0.0,0.0,0.0,0.0,0.0,0.0,0.0,0
2021-11-16,000001.SZ,13.88325309864451,0.0,0.0,0.0,0.0,0.0,0.0,0.0,0
2021-11-17,000001.SZ,13.887981806376894,0.0,0.0,0.0,0.0,0.0,0.0,0.0,0
2021-11-18,000001.SZ,14.312348994701107,0.0,0.0,0.0,0.0,0.0,0.0,0.0,0
2021-11-19,000001.SZ,14.341681630678984,1.0,0.0,0.0,0.3333333333333333,0.0,0.0,0.3333333333333333,0
2021-11-22,000001.SZ,14.103802089844173,0.0,0.0,0.0,0.0,0.0,0.0,0.0,0
2021-11-23,000001.SZ,14.547321602094748,0.0,0.0,0.0,0.0,0.0,0.0,0.0,0
2021-11-24,000001.SZ,14.71231789906069,0.0,0.0,0.0,0.0,0.0,0.0,0.0,0
2021-11-25,000001.SZ,14.417462883949288,0.0,0.0,0.0,0.0,0.0,0.0,0.0,0
2021-11-26,000001.SZ,14.369866337729945,0.0,0.0,0.0,0.0,0.0,0.0,0.0,0
2021-11-29,000001.SZ,14.127468650800733,0.0,0.0,0.0,0.0,0.0,0.0,0.0,0
2021-11-30,000001.SZ,13.748985490487566,0.0,0.0,0.0,0.0,0.0,0.0,0.0,0
