trade_date,ts_code,factor_score,close
2020-01-01,000005.SZ,0.20280869531170548,9.653248331686612
2020-01-01,000001.SZ,-0.14465058412625612,10.162531116880212
2020-01-01,000004.SZ,-0.5515566240191258,10.484635953825219
2020-01-02,000001.SZ,0.4650266526961554,10.551648414381976
2020-01-02,000005.SZ,0.10441526512092884,9.500097548166242
2020-01-02,000002.SZ,-0.33134785778959414,10.205409742453488
2020-01-03,000001.SZ,0.18353575550796558,10.493889269472266
2020-01-03,000005.SZ,-0.11877280706878075,9.173594701790247
2020-01-03,000006.SZ,-0.8921908259367187,9.85029646821998
2020-01-06,000005.SZ,0.21452100345830605,9.204090748759889
2020-01-06,000001.SZ,0.0034223843625316996,10.43645049408866
2020-01-06,000002.SZ,-0.5568214399701683,10.469651034429505
2020-01-07,000002.SZ,0.10166959889478355,10.466286213473495
2020-01-07,000001.SZ,0.06525917919999319,10.850986268715143
2020-01-07,000005.SZ,-0.10299651314576412,9.34262747607855
2020-01-08,000001.SZ,0.3227599256803589,11.05975735672256
2020-01-08,000002.SZ,-0.01752608315472326,10.530338855893543
2020-01-08,000004.SZ,-0.5562212101117557,10.62609570851584
2020-01-09,000002.SZ,-0.4437863158188676,10.641972469521937
2020-01-09,000006.SZ,-0.4536764480187997,10.054710839912174
2020-01-09,000001.SZ,-0.49191135654905194,10.935966424562494
2020-01-10,000001.SZ,-0.23617583253067498,11.08511341038337
2020-01-10,000005.SZ,-0.3510341412551448,9.162005319081741
2020-01-10,000006.SZ,-0.813194842351341,10.21246826828875
2020-01-13,000001.SZ,0.3607196084567972,10.962665762380425
2020-01-13,000005.SZ,-0.17126940098076698,9.211474539468627
2020-01-13,000002.SZ,-0.37046394530208515,10.90136620795051
2020-01-14,000001.SZ,-0.17719674302002314,10.840956399788283
2020-01-14,000005.SZ,-0.2467681129815541,9.064538033893253
2020-01-14,000002.SZ,-0.39831615539227794,10.927606078916348
2020-01-15,000001.SZ,0.09011867967929289,10.908152800846747
2020-01-15,000002.SZ,0.029859665527409818,10.894777476537543
2020-01-15,000006.SZ,-0.15129709901736832,9.734676014705336
2020-01-16,000001.SZ,-0.007825133544703468,10.411082757396926
2020-01-16,000002.SZ,-0.18905491112662284,10.871491126544255
2020-01-16,000005.SZ,-0.4840845652703279,8.81472566650769
2020-01-17,000001.SZ,0.45789152153160173,9.98263944239929
2020-01-17,000002.SZ,-0.48299162245681726,10.839328027962175
2020-01-17,000005.SZ,-0.6793203556342298,8.666842460660662
2020-01-20,000001.SZ,-0.017037212150501663,9.84847790431963
2020-01-20,000004.SZ,-0.3837945206679319,10.868447286777275
2020-01-20,000005.SZ,-0.7658554812578346,8.735910067751945
2020-01-21,000001.SZ,-0.12574606621180648,9.609428642497663
2020-01-21,000002.SZ,-0.2842175242782241,11.21437054063387
2020-01-21,000006.SZ,-0.5024552336195245,9.853271993463466
2020-01-22,000001.SZ,0.49078958186054283,9.686135365110523
2020-01-22,000005.SZ,-0.9308748022486812,9.389952657126603
2020-01-22,000002.SZ,-1.0012018978468185,10.616809797985805
2020-01-23,000004.SZ,-0.24157068956455266,10.96012070523128
2020-01-23,000002.SZ,-0.3980402608873027,10.756675802133097
2020-01-23,000001.SZ,-0.7081632323171666,9.475332961800474
2020-01-24,000001.SZ,0.11788658195825914,9.155271290433497
2020-01-24,000004.SZ,-0.5419589910408772,11.089189576876631
2020-01-24,000002.SZ,-0.6312498563192206,10.803979102638646
2020-01-27,000001.SZ,-0.030106815240626653,9.492463072373878
2020-01-27,000002.SZ,-0.2900925689957761,10.807882308082256
2020-01-27,000004.SZ,-0.6364671163461788,11.452155352179098
2020-01-28,000001.SZ,-0.18777045564176703,9.442440166543303
2020-01-28,000004.SZ,-0.24229543490572364,11.697279926648003
2020-01-28,000002.SZ,-0.3748938491646386,10.736619816525524
2020-01-29,000002.SZ,0.34123885231302437,10.974575843915527
2020-01-29,000005.SZ,0.11188243430515366,9.605635642018754
2020-01-29,000004.SZ,-0.040316039996128705,11.733940049788053
2020-01-30,000002.SZ,0.1488084133722224,11.180497200845716
2020-01-30,000005.SZ,0.05945311042492954,9.560886445863016
2020-01-30,000006.SZ,-0.003711821671884441,9.66354767458004
2020-01-31,000004.SZ,0.18084002093003512,12.103011969652627
2020-01-31,000001.SZ,0.15935286110044805,9.019238741939885
2020-01-31,000002.SZ,0.03345508620280506,11.02653286060131
2020-02-03,000005.SZ,0.602785104021411,9.79841785621082
2020-02-03,000004.SZ,0.3210573997076389,12.080945168226677
2020-02-03,000002.SZ,0.021243165466277934,11.119472056410025
2020-02-04,000004.SZ,0.46477709599960626,12.076485215503084
2020-02-04,000002.SZ,-0.19826989201255446,10.925300766302911
2020-02-04,000006.SZ,-0.27004696433974007,9.832852535034666
2020-02-05,000006.SZ,0.33535317166287837,9.684681896038029
2020-02-05,000002.SZ,-0.040073289509139715,10.652220552569817
2020-02-05,000005.SZ,-0.14898262471082824,10.030054976214476
2020-02-06,000004.SZ,0.508827200359938,11.791513392293629
2020-02-06,000005.SZ,-0.04185226860027609,10.139949485202473
2020-02-06,000002.SZ,-0.1798915528366585,10.534538674853952
2020-02-07,000004.SZ,0.6984124557345884,11.411834456896488
2020-02-07,000002.SZ,0.0683157141408038,10.71498058040708
2020-02-07,000005.SZ,0.05027092504509746,10.228971969312404
2020-02-10,000002.SZ,0.28190538302430845,10.917184030976873
2020-02-10,000004.SZ,0.1770860453885234,11.514509713862608
2020-02-10,000006.SZ,0.1520429259717115,10.038329854863818
2020-02-11,000005.SZ,0.6613717284626396,10.210995022629897
2020-02-11,000006.SZ,0.5429231899453297,9.95720421471757
2020-02-11,000002.SZ,-0.08686917709372319,11.03124594515101
2020-02-12,000004.SZ,0.41786652294761983,11.830579276453214
2020-02-12,000001.SZ,0.04294674231803053,8.966740883003524
2020-02-12,000005.SZ,-0.028689986802972356,10.135018856377474
2020-02-13,000006.SZ,0.5646162784184923,10.194434726986291
2020-02-13,000005.SZ,0.3180232491368695,10.226623693747317
2020-02-13,000004.SZ,0.22722772519736004,11.815842797194085
2020-02-14,000006.SZ,0.534844527917935,10.036038012978047
2020-02-14,000004.SZ,0.37286004693598074,11.757209411328446
2020-02-14,000005.SZ,0.025177456548540006,10.211587776064627
2020-02-17,000005.SZ,0.7295582768589797,10.39824466904005
2020-02-17,000004.SZ,0.5567035639197134,12.03153704770741
2020-02-17,000002.SZ,-0.06420770318083062,11.280235682670643
2020-02-18,000005.SZ,1.3540497691442268,10.396295677766583
2020-02-18,000004.SZ,0.3605004155682139,12.135992419626698
2020-02-18,000006.SZ,0.266255207653203,10.115490160580183
2020-02-19,000005.SZ,0.8446739125015406,10.796185724856768
2020-02-19,000004.SZ,0.256823457984087,12.094899191760682
2020-02-19,000006.SZ,0.15135630941351952,10.137630310603958
2020-02-20,000006.SZ,1.190985104176615,10.316808601120048
2020-02-20,000002.SZ,0.8873083128609706,11.904946748931891
2020-02-20,000005.SZ,0.525734427304063,10.746043963691251
2020-02-21,000002.SZ,0.7945118247318065,12.073712924416213
2020-02-21,000006.SZ,0.744705084794874,10.265195970601845
2020-02-21,000004.SZ,0.6076773824457717,12.886367017763071
2020-02-24,000005.SZ,0.844149698644179,10.717451055057417
2020-02-24,000002.SZ,0.8197717868674461,12.162713172307164
2020-02-24,000006.SZ,0.6977512922430464,10.108262731991601
2020-02-25,000002.SZ,0.9655898609875297,12.419625833593335
2020-02-25,000004.SZ,0.4446486519637139,13.287591280833919
2020-02-25,000006.SZ,0.1983373333775771,10.468360837065703
2020-02-26,000006.SZ,0.7348579887929226,10.19810305472066
2020-02-26,000004.SZ,0.14153108380144397,13.010845852575354
2020-02-26,000005.SZ,0.1312852598911502,11.156581378037433
2020-02-27,000005.SZ,0.804587676885768,11.195154730073867
2020-02-27,000002.SZ,0.7919914179927895,12.22605107020099
2020-02-27,000004.SZ,-0.19996809478366612,12.858517006160284
2020-02-28,000002.SZ,0.658713516880001,12.197205184760357
2020-02-28,000005.SZ,0.5874182268757406,11.26939340909044
2020-02-28,000006.SZ,0.060335072711238585,10.170413222889913
2020-03-02,000002.SZ,0.9314014976611079,12.035590195745844
2020-03-02,000006.SZ,0.25586175705491815,10.33386227432504
2020-03-02,000005.SZ,0.22336653636338266,11.344425629382098
2020-03-03,000005.SZ,0.5378877266752919,11.126913074694624
2020-03-03,000006.SZ,0.4787497665025813,10.4437962373325
2020-03-03,000002.SZ,-0.21392165673630129,11.891748499006034
2020-03-04,000005.SZ,0.8217020992040753,11.342198465191569
2020-03-04,000006.SZ,0.4813727048860447,10.8359537020598
2020-03-04,000002.SZ,0.146217216252415,11.867843441881993
2020-03-05,000005.SZ,0.5321439353091177,11.08809280394846
2020-03-05,000002.SZ,0.3352038418252143,11.700099496709203
2020-03-05,000006.SZ,0.31316767136134716,10.819942804546228
2020-03-06,000004.SZ,0.8840533074573849,13.617169504600318
2020-03-06,000006.SZ,0.6959315812042999,10.67589470228517
2020-03-06,000002.SZ,0.3580750033308251,11.64063139731076
2020-03-09,000006.SZ,0.9390455266187698,10.642953885998022
2020-03-09,000005.SZ,0.8530889994641041,10.891141745941672
2020-03-09,000004.SZ,0.5912725998987401,13.296413961917734
2020-03-10,000006.SZ,0.9241578266125666,10.593332661267208
2020-03-10,000004.SZ,0.5014859356718863,13.558408389831136
2020-03-10,000005.SZ,0.15927881699880286,10.831758548006906
2020-03-11,000002.SZ,0.3906621917565376,11.301856048501866
2020-03-11,000006.SZ,0.1789984006726962,10.585915707719957
2020-03-11,000004.SZ,0.10180606053005994,13.715107817548393
2020-03-12,000006.SZ,0.5082247650012167,10.426944029198387
2020-03-12,000004.SZ,0.3073122909042536,13.930749204339236
2020-03-12,000002.SZ,-0.1840718861497734,11.136927784887437
2020-03-13,000005.SZ,1.0932307749058108,11.122721631336823
2020-03-13,000004.SZ,0.33453081020343545,13.836977317711522
2020-03-13,000006.SZ,0.11172438773952646,10.560783017270452
2020-03-16,000004.SZ,0.05800624174973279,13.914556489187945
2020-03-16,000005.SZ,-0.007301203877349366,10.899934639714868
2020-03-16,000006.SZ,-0.08482166412131295,10.626796042446943
2020-03-17,000004.SZ,0.8869422893424026,13.793523750906173
2020-03-17,000005.SZ,0.8039444932946129,10.909548314110225
2020-03-17,000002.SZ,0.2702951216671643,11.158551968576422
2020-03-18,000006.SZ,0.4986138925501274,10.585275110264963
2020-03-18,000004.SZ,0.3218040468584097,13.589687807340379
2020-03-18,000002.SZ,0.23462098477987742,11.006997892161369
2020-03-19,000004.SZ,0.21484205459566122,14.073704862975859
2020-03-19,000005.SZ,0.11958090274222649,10.95217155723924
2020-03-19,000006.SZ,-0.2897748427723932,10.454495710324455
2020-03-20,000004.SZ,1.2195151737054177,14.113116622497195
2020-03-20,000005.SZ,0.38260660318360484,10.870482929181724
2020-03-20,000001.SZ,-0.160499652952817,8.011354411435343
2020-03-23,000004.SZ,0.08240576870941457,14.266897511732497
2020-03-23,000006.SZ,-0.028613654781015803,10.283028923455896
2020-03-23,000005.SZ,-0.2236359070469952,10.979477103989838
2020-03-24,000002.SZ,0.4973679455801733,10.817203780860858
2020-03-24,000004.SZ,0.3237632451042397,14.521339152027997
2020-03-24,000001.SZ,-0.07581137490898279,7.885814957031561
2020-03-25,000004.SZ,0.799357938300838,14.5658074951797
2020-03-25,000006.SZ,0.4532086086928507,10.102749420619322
2020-03-25,000001.SZ,0.1323326089693183,7.676793209344307
2020-03-26,000004.SZ,0.40985206671204455,14.642894251915004
2020-03-26,000005.SZ,0.0754912654010752,11.170928135496851
2020-03-26,000006.SZ,-0.24952253574485578,9.663669094264732
2020-03-27,000005.SZ,0.15159176516662834,11.06638146925848
2020-03-27,000004.SZ,0.07761055730404845,14.318911710664919
2020-03-27,000006.SZ,-0.3803126990165672,9.511506620550833
2020-03-30,000006.SZ,0.6057500217887603,9.75464828875825
2020-03-30,000004.SZ,0.1136627443902638,14.057784049005468
2020-03-30,000002.SZ,-0.025339211665323075,10.275977532342342
2020-03-31,000001.SZ,0.057854532469339935,7.855937280873127
2020-03-31,000006.SZ,-0.26803610497949515,9.653132517899222
2020-03-31,000005.SZ,-0.27936508874409155,11.01524681485792
2020-04-01,000001.SZ,0.1996813297722139,8.053548162626218
2020-04-01,000006.SZ,0.1491796323358474,9.579109404674336
2020-04-01,000005.SZ,-0.07675374028529605,10.755991746100893
2020-04-02,000004.SZ,0.4001683386197891,13.989616445472526
2020-04-02,000001.SZ,0.00735944452158825,8.12726837455041
2020-04-02,000006.SZ,-0.29449027026521046,9.777339693176097
2020-04-03,000001.SZ,0.5673288314409167,8.001782103698204
2020-04-03,000004.SZ,0.04638175656691036,13.734517879183812
2020-04-03,000005.SZ,-0.1615784351116127,10.988259714496282
2020-04-06,000001.SZ,-0.019714522457348192,8.074980883872888
2020-04-06,000005.SZ,-0.1087418953196155,10.969503534905787
2020-04-06,000006.SZ,-0.18828335271651345,9.780183652327864
2020-04-07,000005.SZ,0.6040189647554046,11.084202160601466
2020-04-07,000001.SZ,0.5651857875462208,8.387251144895089
2020-04-07,000004.SZ,0.2621070183182938,14.067265882826607
2020-04-08,000005.SZ,0.3533528700866788,11.187368110225846
2020-04-08,000004.SZ,0.34979393973881745,13.868726573163219
2020-04-08,000001.SZ,0.233716879329052,8.38198103048541
2020-04-09,000001.SZ,0.5494779961567386,8.71180219458281
2020-04-09,000004.SZ,0.4123723467260012,13.864361311722943
2020-04-09,000005.SZ,0.279461735276866,11.193123118134965
2020-04-10,000005.SZ,0.3165582491916418,11.379313643710807
2020-04-10,000001.SZ,0.04319547767501372,8.172097930280323
2020-04-10,000006.SZ,-0.29509585796975435,9.733906751595029
2020-04-13,000006.SZ,0.86738733396806,10.163757605857224
2020-04-13,000005.SZ,0.389877359972046,11.244384552908516
2020-04-13,000001.SZ,0.002818609133821315,8.340453496091616
2020-04-14,000005.SZ,0.42929863421354236,11.39664806586859
2020-04-14,000006.SZ,0.3312247859416302,10.08917257877059
2020-04-14,000001.SZ,0.26087869820661785,8.360350182011357
2020-04-15,000001.SZ,0.03567024657116971,8.301381495950192
2020-04-15,000004.SZ,-0.01611912379338417,14.040781231218224
2020-04-15,000006.SZ,-0.036236269884428976,10.58015955602491
2020-04-16,000001.SZ,0.40044406140211675,8.322146287959683
2020-04-16,000004.SZ,0.31340018283654686,13.755152186113326
2020-04-16,000005.SZ,0.2132285953713234,11.287540179836348
2020-04-17,000005.SZ,0.8612480216230253,11.224347036294361
2020-04-17,000006.SZ,0.544481877313254,10.967166457385552
2020-04-17,000001.SZ,-0.2376237851825202,7.928469385134509
2020-04-20,000006.SZ,0.24879095266839227,11.022906588812804
2020-04-20,000002.SZ,0.0815546884895781,10.824065914705871
2020-04-20,000005.SZ,0.01447291930658412,10.962182208562425
2020-04-21,000004.SZ,0.09028283515166098,13.754463495428045
2020-04-21,000002.SZ,-0.04434862271022974,11.410662700305247
2020-04-21,000006.SZ,-0.15712162217172132,10.946456766878347
2020-04-22,000006.SZ,0.6600436805366127,10.935233100281865
2020-04-22,000001.SZ,0.04892910759540942,8.254806072617523
2020-04-22,000002.SZ,-0.22513663597591124,11.503662775216277
2020-04-23,000006.SZ,0.7439520560769979,10.821078359661808
2020-04-23,000002.SZ,0.19286951288937504,11.401875275426061
2020-04-23,000005.SZ,0.12094997240919529,10.712747979263352
2020-04-24,000006.SZ,1.0556999270415428,10.814298905464613
2020-04-24,000002.SZ,-0.14736087369070824,11.40451725995857
2020-04-24,000004.SZ,-0.19651518641283616,13.20231065953057
2020-04-27,000006.SZ,1.0575637029347615,10.588243414380706
2020-04-27,000004.SZ,0.4983618284990008,13.202485466558196
2020-04-27,000002.SZ,0.2688212951191392,11.038060566307166
2020-04-28,000002.SZ,0.3728972342436997,10.902122175454119
2020-04-28,000001.SZ,0.09427924699873133,8.080190474132632
2020-04-28,000005.SZ,0.03151031433945879,10.598878962917208
2020-04-29,000002.SZ,0.6622990340247258,10.82599670622062
2020-04-29,000005.SZ,0.39794329725953137,10.665629957554438
2020-04-29,000004.SZ,0.25139870327342945,12.662613822350302
2020-04-30,000001.SZ,0.2542028597337019,8.044496422903066
2020-04-30,000005.SZ,0.11055307361227472,10.539952381110197
2020-04-30,000006.SZ,-0.11444609347555329,10.315164144716842
2020-05-01,000001.SZ,0.38958026624240816,8.148357310970013
2020-05-01,000006.SZ,0.21403283351678992,10.464417059396682
2020-05-01,000004.SZ,-0.0690502331600719,12.38075973550351
2020-05-04,000001.SZ,0.48934056038374324,8.169803780706005
2020-05-04,000005.SZ,0.446639150342377,10.939908927612292
2020-05-04,000002.SZ,0.2722146070985711,10.607535331711764
2020-05-05,000006.SZ,0.44157693224155525,10.265324187368405
2020-05-05,000001.SZ,0.17012298563651407,8.368151911669436
2020-05-05,000005.SZ,-0.17222439801216002,11.20227592476141
2020-05-06,000001.SZ,0.9174244802306968,8.227458794602827
2020-05-06,000002.SZ,0.36221469772899423,10.849788086182198
2020-05-06,000005.SZ,0.06521411258080301,11.348048854473936
2020-05-07,000006.SZ,0.19580240936104618,10.455284145356657
2020-05-07,000005.SZ,0.128082436888462,11.538357101907682
2020-05-07,000001.SZ,-0.07809613494552796,8.163692497807899
2020-05-08,000005.SZ,0.7890587617786229,11.698621216321058
2020-05-08,000001.SZ,0.5709224511562959,8.087636811893502
2020-05-08,000002.SZ,0.3021831765540301,10.796397819412025
2020-05-11,000005.SZ,0.4483100778520484,11.601268235313071
2020-05-11,000002.SZ,0.3961954461389313,10.835788829828692
2020-05-11,000001.SZ,0.25223915087052773,7.804648003309479
2020-05-12,000002.SZ,0.9504103420861665,11.013638924839118
2020-05-12,000005.SZ,0.7635803449834804,11.262766084759917
2020-05-12,000006.SZ,-0.05682603989115413,10.057418540680054
2020-05-13,000002.SZ,0.6960049498947402,10.842675707914257
2020-05-13,000001.SZ,0.057236361256182935,7.915897912131903
2020-05-13,000006.SZ,0.04640732906694531,10.086606655644243
2020-05-14,000005.SZ,-0.023920086053498366,11.392912336740357
2020-05-14,000001.SZ,-0.340307410261455,7.918865064472682
2020-05-14,000002.SZ,-0.3674084041290414,10.716539822180227
2020-05-15,000006.SZ,0.39331016723196344,10.165084084279224
2020-05-15,000002.SZ,0.27486691147885933,10.662922842682924
2020-05-15,000001.SZ,0.012889797422315954,7.87543391350685
2020-05-18,000001.SZ,0.6531393103621379,7.608842350805206
2020-05-18,000006.SZ,0.008576197471060948,10.07873096782764
2020-05-18,000005.SZ,-0.36476493807421656,11.292426746589737
2020-05-19,000001.SZ,0.44345376609584325,7.532685898489059
2020-05-19,000006.SZ,0.06783087288246079,9.883452119443177
2020-05-19,000005.SZ,-0.11683452070748068,11.05808010437794
2020-05-20,000002.SZ,0.15239953033955667,10.16636692081158
2020-05-20,000001.SZ,-0.0780896709478778,7.471547694435453
2020-05-20,000004.SZ,-0.11930630217140475,12.081536804334354
2020-05-21,000001.SZ,0.21691379848578302,7.327908126884312
2020-05-21,000006.SZ,-0.14547390097502855,9.657124343415301
2020-05-21,000005.SZ,-0.17524383437349092,10.953778472104078
2020-05-22,000001.SZ,0.3031464159920326,7.300821573638191
2020-05-22,000005.SZ,-0.13679392767743936,11.057474745955858
2020-05-22,000004.SZ,-0.5568844365808274,12.112999541002269
2020-05-25,000002.SZ,0.15135897147065316,10.447143260157485
2020-05-25,000005.SZ,0.14041837661138568,10.969244909491199
2020-05-25,000006.SZ,-0.015295234595715634,9.955802484717594
2020-05-26,000002.SZ,0.5256739819788492,10.623784001696377
2020-05-26,000005.SZ,0.1976355678426794,10.867792325873989
2020-05-26,000001.SZ,0.16414607419685892,7.726167486633878
2020-05-27,000006.SZ,0.24982439356856168,10.273450393145975
2020-05-27,000004.SZ,0.21461349497759782,12.235658044073126
2020-05-27,000005.SZ,-0.008053323131364781,11.041194701984749
2020-05-28,000005.SZ,0.17879478085524664,11.111597141157016
2020-05-28,000006.SZ,-0.025059266138249534,10.349943116214462
2020-05-28,000002.SZ,-0.1021743077790738,10.68988834470725
2020-05-29,000002.SZ,0.7043162547831046,10.676714101521112
2020-05-29,000006.SZ,0.3548714247942325,10.402962997412201
2020-05-29,000005.SZ,-0.1321269654719595,11.207768487678916
2020-06-01,000006.SZ,0.48770555877361976,10.457117478031794
2020-06-01,000002.SZ,0.34244270603305293,10.737963403198131
2020-06-01,000005.SZ,0.0632494634110831,11.530688371224398
2020-06-02,000006.SZ,0.21783756745521118,10.488065785937284
2020-06-02,000005.SZ,0.21263594805179775,11.428956664852565
2020-06-02,000004.SZ,0.09065696204359322,12.105210794942224
2020-06-03,000005.SZ,0.12025939970192938,11.423202923608143
2020-06-03,000006.SZ,-0.0581380744263193,10.4986740560659
2020-06-03,000004.SZ,-0.06972147985951657,11.96596799846481
2020-06-04,000004.SZ,0.3729104080278108,11.763364495530094
2020-06-04,000002.SZ,0.352503871776155,10.139020895050717
2020-06-04,000001.SZ,0.2908435300002583,7.919234661608642
2020-06-05,000006.SZ,0.5257167215530913,10.106278552198326
2020-06-05,000001.SZ,0.19507681726757714,7.883955918235477
2020-06-05,000005.SZ,0.0004589210504041333,11.365303585607851
2020-06-08,000006.SZ,0.2651053766263299,10.071818892122462
2020-06-08,000005.SZ,0.21242091759184017,11.417621082151319
2020-06-08,000004.SZ,-0.21578001278811307,10.791284567222295
2020-06-09,000001.SZ,0.5063898801518973,7.9396410927959415
2020-06-09,000006.SZ,0.3649605453026643,9.957203215985263
2020-06-09,000005.SZ,-0.25809044032266465,11.42677747880821
2020-06-10,000002.SZ,0.38031382172150685,11.079482075855081
2020-06-10,000005.SZ,0.22473190017057154,12.028211470521079
2020-06-10,000004.SZ,0.15059099058544015,11.138617162988592
2020-06-11,000004.SZ,0.3007055811582745,11.421974372753512
2020-06-11,000002.SZ,0.05114084149537079,11.10595727026139
2020-06-11,000006.SZ,-0.04288134654524818,9.924642569178292
2020-06-12,000005.SZ,0.8856185882342366,12.318207803533479
2020-06-12,000004.SZ,0.4360078172136196,11.38958019145581
2020-06-12,000006.SZ,0.1591640962356513,10.049421694755932
2020-06-15,000006.SZ,0.5753792064683521,10.1008166619256
2020-06-15,000005.SZ,0.4431089258820775,12.51194713555118
2020-06-15,000002.SZ,0.28314430713764027,11.033986138245895
2020-06-16,000002.SZ,0.5465493172224698,10.976223945163898
2020-06-16,000001.SZ,0.33453652273804674,8.068832901290598
2020-06-16,000005.SZ,0.19115078922042616,12.254363628169738
2020-06-17,000002.SZ,0.37457684016776366,11.112408912344797
2020-06-17,000001.SZ,0.09063367863586906,8.353133842548564
2020-06-17,000005.SZ,0.07601699615277815,11.916107944145857
2020-06-18,000002.SZ,0.6735172222279509,11.375800424316452
2020-06-18,000005.SZ,0.524658248974188,11.974903005670576
2020-06-18,000001.SZ,0.3044893171825038,8.073046033310382
2020-06-19,000005.SZ,0.8485862002709375,12.258891056263899
2020-06-19,000004.SZ,0.4310104036564153,11.368383453212637
2020-06-19,000001.SZ,0.3823254707730947,8.192036316280438
2020-06-22,000001.SZ,1.4319137542168914,8.645973826189623
2020-06-22,000005.SZ,0.14006317399449875,12.328615409089899
2020-06-22,000006.SZ,-0.0787262867296592,10.116998136176322
2020-06-23,000005.SZ,0.8011251384605445,12.351320609007026
2020-06-23,000001.SZ,0.5832279526911176,8.440723196105989
2020-06-23,000002.SZ,0.35014972004459866,11.274201355514158
2020-06-24,000001.SZ,0.8800355741033097,8.326465865829354
2020-06-24,000005.SZ,0.5597571470252649,12.292032214929415
2020-06-24,000002.SZ,0.15196446250151707,11.410947668036382
2020-06-25,000005.SZ,1.1465227586801419,12.002097234289803
2020-06-25,000006.SZ,0.29182828478793427,10.23214094064697
2020-06-25,000002.SZ,0.043394799543488585,11.11225405384463
2020-06-26,000001.SZ,0.3869124583529704,8.248582909168187
2020-06-26,000005.SZ,0.051126034835435125,11.797320645153686
2020-06-26,000004.SZ,-0.0041865100371540065,10.948859431416714
2020-06-29,000001.SZ,0.3391317361827062,7.942980118292532
2020-06-29,000006.SZ,-0.24981852791063955,10.079921261841855
2020-06-29,000005.SZ,-0.576182798292042,11.45624015882132
2020-06-30,000002.SZ,0.47568727537003586,10.313536161173381
2020-06-30,000001.SZ,0.4237573063437889,7.958322730266819
2020-06-30,000005.SZ,0.1223507545700883,11.231400715413105
2020-07-01,000002.SZ,-0.0034715806765634838,10.222438018730507
2020-07-01,000004.SZ,-0.06636089523997561,11.401260899104743
2020-07-01,000006.SZ,-0.10911409015222143,10.329951770389314
2020-07-02,000001.SZ,-0.06724695885722319,7.848241783019488
2020-07-02,000004.SZ,-0.10596500575733744,11.205881558201742
2020-07-02,000002.SZ,-0.27207571442301387,10.201260920145227
2020-07-03,000006.SZ,0.6301524626555057,10.436230362453415
2020-07-03,000004.SZ,0.2986943381473933,11.444986358403897
2020-07-03,000002.SZ,0.2956469097324339,10.121630578814196
2020-07-06,000001.SZ,0.3299814374491284,7.974432045473804
2020-07-06,000005.SZ,0.16426836141672824,11.261646367979104
2020-07-06,000002.SZ,0.010184014249476635,10.410244001370845
2020-07-07,000005.SZ,0.42854659830661573,11.29405009452233
2020-07-07,000002.SZ,0.37666868334756176,10.482095924078898
2020-07-07,000006.SZ,0.26210059302387223,9.621823528670653
2020-07-08,000004.SZ,0.45843747520005945,11.531561838438497
2020-07-08,000002.SZ,0.05584068117741461,10.5492142659667
2020-07-08,000006.SZ,0.012996512564116129,9.448026159098996
2020-07-09,000004.SZ,0.327601647295868,11.829505841858772
2020-07-09,000005.SZ,-0.010608658435762142,11.19252938289835
2020-07-09,000006.SZ,-0.01679203065369432,9.473857271291545
2020-07-10,000004.SZ,0.4173241594254401,11.457000830474513
2020-07-10,000001.SZ,-0.0725313576863587,7.690010343913112
2020-07-10,000006.SZ,-0.3021040526347254,9.70944788246758
2020-07-13,000004.SZ,0.05260514822584744,11.391438775323275
2020-07-13,000001.SZ,0.045181494453269425,7.734926408826549
2020-07-13,000002.SZ,0.03330653572477532,10.676560808495152
2020-07-14,000004.SZ,0.40515922255338455,11.492872413680711
2020-07-14,000006.SZ,0.25531473800626114,9.417769161908117
2020-07-14,000001.SZ,0.04368171974287031,7.988713655862582
2020-07-15,000004.SZ,0.5166638955426418,11.540556178295514
2020-07-15,000001.SZ,-0.38172841424036674,7.682034178627513
2020-07-15,000006.SZ,-0.4220830719575844,9.434513144025642
2020-07-16,000001.SZ,0.6453278949042569,7.718798179022437
2020-07-16,000004.SZ,0.029540286345211206,11.801528114606937
2020-07-16,000006.SZ,-0.41485645357177825,9.365014176464623
2020-07-17,000004.SZ,0.08449740568421082,11.363846498578248
2020-07-17,000005.SZ,-0.13459271900494457,11.494377964144078
2020-07-17,000001.SZ,-0.5504533889807981,7.770053956676101
2020-07-20,000004.SZ,-0.40524627781688805,11.400300288384681
2020-07-20,000001.SZ,-0.43134200162912867,7.9223414653554505
2020-07-20,000006.SZ,-0.5597284495053425,9.229583728749049
2020-07-21,000005.SZ,0.32896566781927994,11.973234013618884
2020-07-21,000001.SZ,0.11202160634216465,7.687703634377626
2020-07-21,000004.SZ,-0.020785982448898267,11.691922937226206
2020-07-22,000006.SZ,0.13115647880071382,9.59787810343842
2020-07-22,000002.SZ,-0.29064119083748774,10.383826898716023
2020-07-22,000004.SZ,-0.43615737453028636,11.709477593329684
2020-07-23,000001.SZ,-0.04093679444296712,7.542484941667027
2020-07-23,000004.SZ,-0.2009361666916468,11.437115055090084
2020-07-23,000006.SZ,-0.21347423869357585,9.605061239920921
2020-07-24,000005.SZ,0.30815322430412945,12.294440300708182
2020-07-24,000004.SZ,0.12858885464224853,11.682819680604497
2020-07-24,000006.SZ,0.08047962944508309,9.862939542263577
2020-07-27,000005.SZ,0.3825077779913026,11.770832267032924
2020-07-27,000004.SZ,0.1952096208271435,11.529134695285698
2020-07-27,000006.SZ,-0.36316112247730603,9.946264588170001
2020-07-28,000005.SZ,0.4869357612095981,11.727997536357924
2020-07-28,000002.SZ,0.4627231306873731,10.55376123373474
2020-07-28,000004.SZ,0.14702424254232582,11.335825627620801
2020-07-29,000005.SZ,0.8009077985720023,11.862800665344986
2020-07-29,000004.SZ,0.18456446304296295,11.116580662005509
2020-07-29,000002.SZ,0.10284627914207786,10.383374220114238
2020-07-30,000005.SZ,0.820399792171046,11.755910935739493
2020-07-30,000004.SZ,0.22118837802955077,11.073592928016232
2020-07-30,000002.SZ,0.14596105728609732,10.516690582316759
2020-07-31,000005.SZ,0.8494965726514051,11.528828361535084
2020-07-31,000002.SZ,0.47431281213476034,10.459160649250855
2020-07-31,000001.SZ,0.3367523003872114,7.691876183018069
2020-08-03,000005.SZ,0.7365301857267428,11.989038246069523
2020-08-03,000002.SZ,0.11642051376763914,10.586416791440904
2020-08-03,000006.SZ,-0.043282105182938395,9.79175857685285
2020-08-04,000005.SZ,0.3237890227920263,12.018205829255326
2020-08-04,000001.SZ,0.25073014464581667,7.915965880219447
2020-08-04,000004.SZ,0.13014908142458712,10.597001916491532
2020-08-05,000005.SZ,0.590221346240582,12.053488077961205
2020-08-05,000002.SZ,0.1858966651224312,10.46110376043172
2020-08-05,000004.SZ,0.061401511708011516,10.447545569795896
2020-08-06,000006.SZ,0.38928971040431076,10.17448401024334
2020-08-06,000002.SZ,0.37235982705815573,10.476661717560752
2020-08-06,000005.SZ,-0.07039800919938122,11.772408512392262
2020-08-07,000001.SZ,0.7101862886742886,7.910074190673671
2020-08-07,000006.SZ,0.36820540715513495,10.294875520300016
2020-08-07,000005.SZ,0.17415242236233688,11.645623120586151
2020-08-10,000005.SZ,0.682134390139364,11.460085920419314
2020-08-10,000006.SZ,0.45724826700698407,10.215414259197509
2020-08-10,000001.SZ,0.10052023931587792,7.725294508199645
2020-08-11,000001.SZ,0.44945625641572595,7.8777205303646545
2020-08-11,000006.SZ,0.23986611408896613,10.218744743975689
2020-08-11,000004.SZ,0.18872267397359735,10.386286285115386
2020-08-12,000002.SZ,0.5737210822868463,10.309660706282296
2020-08-12,000006.SZ,0.3354657289893701,10.468359581143321
2020-08-12,000005.SZ,0.0970939268097894,11.806889379316466
2020-08-13,000005.SZ,0.32379855103017013,11.68868313228047
2020-08-13,000006.SZ,0.2978850665889763,10.602365957180076
2020-08-13,000001.SZ,0.10425877625008817,7.947192917159768
2020-08-14,000006.SZ,0.6111357323546697,10.859095524256619
2020-08-14,000005.SZ,0.5420750296111618,11.814037325295821
2020-08-14,000001.SZ,0.43635603919336935,8.139085431909503
2020-08-17,000006.SZ,0.37275225448260396,10.780742047571767
2020-08-17,000001.SZ,0.08686309685810756,8.223890124477693
2020-08-17,000005.SZ,-0.02904198777462623,11.763916313866911
2020-08-18,000006.SZ,1.2967744810905077,10.664338099086573
2020-08-18,000001.SZ,0.7165612192819298,8.393345104285629
2020-08-18,000005.SZ,-0.2289003932095972,11.819247271298865
2020-08-19,000001.SZ,0.9180920160416581,8.79491371536915
2020-08-19,000006.SZ,-0.021938174300182522,10.551625313778006
2020-08-19,000004.SZ,-0.17358341660280124,11.22085735900323
2020-08-20,000001.SZ,0.5884239773061701,8.74436291062634
2020-08-20,000006.SZ,0.5865841027359507,10.488842775920341
2020-08-20,000004.SZ,0.07684667327093704,11.116233511101047
2020-08-21,000001.SZ,0.935356381660978,8.586462044845863
2020-08-21,000006.SZ,0.03942448245920757,10.318161008497126
2020-08-21,000004.SZ,-0.24595360660461604,11.214904820905735
2020-08-24,000001.SZ,1.014405769234368,8.4034032521272
2020-08-24,000004.SZ,0.25762400060625384,10.901902207831085
2020-08-24,000006.SZ,0.13314000217963895,10.370268452350793
2020-08-25,000006.SZ,0.758080346892954,10.425468285248986
2020-08-25,000005.SZ,0.20389887183650643,12.426620494845455
2020-08-25,000002.SZ,0.1567741325104512,10.324772724846163
2020-08-26,000006.SZ,0.18246039094036304,10.652156070511332
2020-08-26,000005.SZ,0.11038845766999567,12.578331695730736
2020-08-26,000004.SZ,0.10230066319245204,10.725341265858681
2020-08-27,000005.SZ,0.8681867121857887,12.505842587777256
2020-08-27,000002.SZ,0.297448647751595,10.32656870731559
2020-08-27,000006.SZ,-0.2289522355784547,10.364160581470404
2020-08-28,000006.SZ,0.5893496263210368,10.214702518762863
2020-08-28,000001.SZ,0.20455173751467992,8.355277746970968
2020-08-28,000004.SZ,0.18846291858664718,11.143863307915842
2020-08-31,000001.SZ,0.803643334199885,8.528510702994291
2020-08-31,000005.SZ,0.3963177167221893,12.778143125726045
2020-08-31,000006.SZ,0.3037333557016109,10.349332986584518
2020-09-01,000002.SZ,0.4103107902333936,10.720731379942839
2020-09-01,000001.SZ,-0.024683675099908847,8.533357018618759
2020-09-01,000006.SZ,-0.03657924401627781,10.383270489857768
2020-09-02,000006.SZ,0.554732203003979,10.394541186302606
2020-09-02,000002.SZ,0.4103192850653685,10.732361465385704
2020-09-02,000001.SZ,0.3663867331672145,8.845017040273742
2020-09-03,000004.SZ,0.9650022680431463,11.082719357076574
2020-09-03,000002.SZ,0.4290158307319933,10.87722953506078
2020-09-03,000001.SZ,0.3130205588229811,8.790026437929084
2020-09-04,000001.SZ,0.6629316804585232,9.398318050681176
2020-09-04,000002.SZ,0.14837227538241865,11.00721032185973
2020-09-04,000005.SZ,-0.0894968797881726,12.653806448388398
2020-09-07,000005.SZ,0.4871852362102658,12.462020402005205
2020-09-07,000002.SZ,0.16354834104928895,10.941748146875309
2020-09-07,000006.SZ,0.14277668528697554,10.328617528090957
2020-09-08,000001.SZ,0.5892305624966273,9.34981423427473
2020-09-08,000004.SZ,-0.006409061155078902,10.762894256265996
2020-09-08,000006.SZ,-0.11872688936672632,10.195369871430424
2020-09-09,000002.SZ,0.8416192831986798,10.860303105787882
2020-09-09,000001.SZ,0.36534898628176016,9.109897024109246
2020-09-09,000004.SZ,-0.212230425036101,10.492194944270956
2020-09-10,000002.SZ,0.971085433406682,11.190344126129744
2020-09-10,000005.SZ,0.9505001541828337,12.87755177684405
2020-09-10,000001.SZ,0.5522929826493577,9.220551729104905
2020-09-11,000002.SZ,0.5366890159027335,10.939599371265647
2020-09-11,000004.SZ,0.2829329650383732,10.448734894901246
2020-09-11,000001.SZ,-0.13696705074699722,9.17248177142518
2020-09-14,000002.SZ,0.6042814752043868,10.648487624946615
2020-09-14,000005.SZ,0.3681566684561912,12.570012717986693
2020-09-14,000001.SZ,0.19560163622230645,9.336724084854424
2020-09-15,000001.SZ,0.8764454398852327,9.447995481529471
2020-09-15,000005.SZ,0.5656702569144885,12.618650925429865
2020-09-15,000006.SZ,-0.06933332339624573,9.582161250701047
2020-09-16,000002.SZ,0.9240044935779389,10.70717939327485
2020-09-16,000001.SZ,0.36613389453426426,9.433500344701063
2020-09-16,000005.SZ,0.2103467111510293,12.405055689863476
2020-09-17,000001.SZ,0.9190289959655279,9.242054168534523
2020-09-17,000005.SZ,0.6489524015612742,12.417774558556475
2020-09-17,000002.SZ,0.4120908399922721,10.749925306796278
2020-09-18,000002.SZ,0.8457363050204983,10.807228762288885
2020-09-18,000004.SZ,0.5844560658922471,10.09382639968809
2020-09-18,000005.SZ,0.19382277862184955,12.291879852037361
2020-09-21,000005.SZ,0.4843236550883167,12.511577044216013
2020-09-21,000002.SZ,0.4096663709058096,10.76950573065683
2020-09-21,000001.SZ,0.16015055746968399,8.812716069624871
2020-09-22,000005.SZ,0.7467333564309929,12.547926903386424
2020-09-22,000001.SZ,0.46725504873556883,9.001876200135921
2020-09-22,000002.SZ,0.4192404451686959,11.084410171549441
2020-09-23,000001.SZ,0.6553031831329997,9.051489198101235
2020-09-23,000005.SZ,0.5447290029241675,12.282410929420745
2020-09-23,000002.SZ,0.2593892583401655,10.76233014859827
2020-09-24,000001.SZ,0.46065912793446717,8.781517652971445
2020-09-24,000004.SZ,0.050989777483893994,10.17349154680931
2020-09-24,000005.SZ,0.018608666243580232,12.153545884351754
2020-09-25,000004.SZ,0.16933093518481032,10.052539259825066
2020-09-25,000001.SZ,0.09097516610500642,8.821067231404175
2020-09-25,000002.SZ,-0.34786011452301646,10.589919188548702
2020-09-28,000004.SZ,0.5901929346934212,10.265681479074109
2020-09-28,000002.SZ,0.31771258449316364,10.274008547169846
2020-09-28,000005.SZ,0.2837201751077747,12.615414168452524
2020-09-29,000002.SZ,0.028473870225468073,10.247295911056673
2020-09-29,000004.SZ,0.016077663860844388,9.73582635417114
2020-09-29,000005.SZ,-0.029871910196935032,12.609928439323015
2020-09-30,000001.SZ,0.4161056251122844,8.753387594449658
2020-09-30,000002.SZ,0.3833413850050825,10.581131023397052
2020-09-30,000006.SZ,0.2959015880726783,9.947625217834277
2020-10-01,000005.SZ,0.2658123917276303,12.62211966601656
2020-10-01,000001.SZ,0.11439893332705689,8.768070375966015
2020-10-01,000002.SZ,-0.5734766108759258,10.592863425505106
2020-10-02,000002.SZ,0.2569516871674435,10.646667543713995
2020-10-02,000005.SZ,0.20533235433993177,12.790274820915332
2020-10-02,000004.SZ,-0.2726697841483636,10.369413238341643
2020-10-05,000005.SZ,0.31014225058136285,13.10541270754002
2020-10-05,000004.SZ,-0.2861410764694441,10.322185196555827
2020-10-05,000006.SZ,-0.32819025853803163,9.761830747440424
2020-10-06,000002.SZ,0.266702107545883,10.291042182102721
2020-10-06,000005.SZ,-0.30297312855447145,13.180505991666342
2020-10-06,000006.SZ,-0.40399233659896616,9.75810662018595
2020-10-07,000005.SZ,0.6680164015850983,13.060502386110029
2020-10-07,000002.SZ,0.4123592765837081,10.225757189108357
2020-10-07,000004.SZ,-0.12685074546804095,10.336326058950407
2020-10-08,000005.SZ,0.3082222172029295,13.190021693033316
2020-10-08,000006.SZ,0.14063743472082949,10.206179682651054
2020-10-08,000001.SZ,0.0966736798163928,9.200269736322523
2020-10-09,000005.SZ,0.26130262773013646,13.274384323947942
2020-10-09,000002.SZ,-0.055552539483183325,10.428296960809757
2020-10-09,000004.SZ,-0.18984575467879308,10.296477396198043
2020-10-12,000005.SZ,0.9015942493221802,13.140448039816814
2020-10-12,000004.SZ,0.32025625491189175,10.109391774143603
2020-10-12,000002.SZ,-0.34359490890510963,10.546121885099105
2020-10-13,000002.SZ,0.5034059809234419,10.334669891269261
2020-10-13,000005.SZ,0.36458759260106693,13.193581429185826
2020-10-13,000006.SZ,-0.24445215813412083,10.277767028811542
2020-10-14,000006.SZ,0.23234203867208403,10.272268212644676
2020-10-14,000005.SZ,0.21585698199376632,13.151699355345377
2020-10-14,000001.SZ,0.213557740572212,8.923586247019141
2020-10-15,000006.SZ,0.6381800079110078,10.546331048335231
2020-10-15,000004.SZ,0.2508245769695622,10.11402644729127
2020-10-15,000002.SZ,0.13460853993536748,10.495873028790893
2020-10-16,000001.SZ,0.5081442245715194,9.936736003465281
2020-10-16,000005.SZ,0.3185993308442783,13.463534564243487
2020-10-16,000004.SZ,0.28797751393961313,10.159276088030891
2020-10-19,000006.SZ,0.6002198628503849,10.443302824204228
2020-10-19,000001.SZ,0.3506761095251753,10.079250859957085
2020-10-19,000002.SZ,0.09974802070901848,11.064451089024988
2020-10-20,000006.SZ,0.565826969027023,10.558027615837808
2020-10-20,000005.SZ,0.5194574859994624,12.94074458028838
2020-10-20,000001.SZ,0.1735137683658331,10.366276137439883
2020-10-21,000005.SZ,1.1332280209087995,12.92456361898262
2020-10-21,000001.SZ,0.3978563249900283,10.614140950781554
2020-10-21,000006.SZ,0.24895401923408705,10.755845619406053
2020-10-22,000004.SZ,0.49940934916884605,9.391659639476565
2020-10-22,000002.SZ,0.46050280995235443,10.461562265755104
2020-10-22,000005.SZ,0.3024014469743537,12.937447026491547
2020-10-23,000006.SZ,0.56118784784474,10.927221989287066
2020-10-23,000001.SZ,0.3339989042645445,10.707275357978876
2020-10-23,000005.SZ,-0.11358318224770407,13.12432641781669
2020-10-26,000001.SZ,0.4129845262725802,10.91101757926032
2020-10-26,000005.SZ,0.2571115539916806,13.253607925365307
2020-10-26,000006.SZ,0.0796632357011974,10.888443904325571
2020-10-27,000006.SZ,1.388871924173675,10.755631896726607
2020-10-27,000001.SZ,1.1887803992719677,10.708981435424558
2020-10-27,000002.SZ,0.5925107611185055,10.728029576951146
2020-10-28,000006.SZ,0.7977158804611614,10.600013948084268
2020-10-28,000001.SZ,0.5447470450361578,10.649665428901072
2020-10-28,000002.SZ,0.45709595555204896,10.720322230062262
2020-10-29,000004.SZ,0.2508119600730389,8.945641092274325
2020-10-29,000001.SZ,0.09137179428270392,10.526364877920596
2020-10-29,000006.SZ,-0.29262174519351913,10.365469596486065
2020-10-30,000001.SZ,0.6224743102437739,10.550138630452429
2020-10-30,000005.SZ,0.41098196218710753,13.155250206105054
2020-10-30,000006.SZ,0.06703308076209694,10.297392847410485
2020-11-02,000001.SZ,0.9697270494003056,11.168687645243992
2020-11-02,000006.SZ,0.22019744411979958,10.352057886400113
2020-11-02,000002.SZ,-0.0043976862939062895,10.541894820903831
2020-11-03,000001.SZ,0.9882083860201997,10.671773123156738
2020-11-03,000004.SZ,0.2632176075470178,9.40272192264083
2020-11-03,000006.SZ,-0.1473399624365506,10.322000282404458
2020-11-04,000002.SZ,0.5300362728755752,10.653371712738224
2020-11-04,000006.SZ,0.4531409945571997,10.358217593262104
2020-11-04,000001.SZ,0.374700806022325,10.855479273482695
2020-11-05,000002.SZ,0.6070324863352027,10.698203160906248
2020-11-05,000001.SZ,0.5049015956485965,10.437408714741743
2020-11-05,000005.SZ,-0.13104278757794705,12.965177101900592
2020-11-06,000001.SZ,1.010409761611111,10.31996213169133
2020-11-06,000005.SZ,0.3987831545748043,13.033675535857077
2020-11-06,000006.SZ,0.034385498983318274,10.48409900348149
2020-11-09,000001.SZ,0.6914852351911687,10.60172376089299
2020-11-09,000005.SZ,0.6131719006635681,13.004374061399337
2020-11-09,000006.SZ,0.5715839837312268,10.882756938557971
2020-11-10,000001.SZ,0.7684781650471707,10.62108710611502
2020-11-10,000002.SZ,0.7206962496087012,11.099916007971252
2020-11-10,000006.SZ,0.3301626229149759,11.017434578233098
2020-11-11,000001.SZ,0.9740902554709228,10.346811217359104
2020-11-11,000002.SZ,0.6783895668913087,11.033193794147033
2020-11-11,000006.SZ,0.38669531533168033,10.987388476404407
2020-11-12,000002.SZ,0.797994760348349,11.003565341767343
2020-11-12,000001.SZ,0.7614953872843718,10.169548106540185
2020-11-12,000005.SZ,0.32570502641281207,13.19211395217785
2020-11-13,000001.SZ,0.5884949198795598,10.342919946636489
2020-11-13,000005.SZ,0.48390683289025654,13.28961889837333
2020-11-13,000002.SZ,-0.0735825191251836,11.300340326597308
2020-11-16,000005.SZ,0.34129957554416235,12.869637310400064
2020-11-16,000002.SZ,0.12221904661612518,10.846249256539878
2020-11-16,000004.SZ,-0.37040658394131465,9.50334414806599
2020-11-17,000001.SZ,0.4228564601042644,10.218570486586662
2020-11-17,000004.SZ,0.2312937998377198,9.315631137239793
2020-11-17,000002.SZ,-0.05702871833512772,11.172577464848846
2020-11-18,000002.SZ,0.7318215814957536,10.884208362656057
2020-11-18,000006.SZ,0.48541478926676096,10.639267138329506
2020-11-18,000005.SZ,0.38502936173355046,12.974767630912748
2020-11-19,000002.SZ,0.4743695835678335,10.837329594641599
2020-11-19,000006.SZ,0.2315402831800468,10.18044064570612
2020-11-19,000004.SZ,-0.3284724884938862,9.377980227812056
2020-11-20,000004.SZ,0.0709533742260571,9.424165858139524
2020-11-20,000006.SZ,-0.19633516234136186,10.191000280160367
2020-11-20,000005.SZ,-0.27213545680969126,12.847883837670441
2020-11-23,000004.SZ,0.7053917220911419,9.636393821265708
2020-11-23,000002.SZ,0.5257165874978381,10.885486192150477
2020-11-23,000005.SZ,0.47641904624371756,13.255079570872796
2020-11-24,000004.SZ,0.15639145700794704,9.863323686209553
2020-11-24,000001.SZ,0.14169823614145466,10.268171280288454
2020-11-24,000006.SZ,-0.11345327948528346,9.905932804332707
2020-11-25,000004.SZ,0.9883006711739638,9.74304019347229
2020-11-25,000002.SZ,0.07923288254296093,10.669919138733846
2020-11-25,000001.SZ,0.07249640199440327,10.317772095804088
2020-11-26,000001.SZ,0.510655131347385,10.154315698915115
2020-11-26,000004.SZ,0.3150350074338608,9.703847584482226
2020-11-26,000006.SZ,0.17509247794228466,10.127496266416827
2020-11-27,000002.SZ,0.4759580441350846,10.819276386949067
2020-11-27,000001.SZ,0.12331270536560171,10.371264581628353
2020-11-27,000004.SZ,0.02008769625585413,9.625826121483309
2020-11-30,000001.SZ,0.565242546762201,10.174310755186804
2020-11-30,000006.SZ,0.10657656459970082,10.104957743393681
2020-11-30,000005.SZ,0.04274919524643682,13.490314917077935
2020-12-01,000004.SZ,0.386832527591905,9.43284236403427
2020-12-01,000002.SZ,0.06243120261459086,10.7386354855176
2020-12-01,000001.SZ,-0.014678994763736311,10.148273329975554
2020-12-02,000001.SZ,0.16704081090653128,10.277209968802461
2020-12-02,000006.SZ,0.09854920296367847,9.926282338307152
2020-12-02,000002.SZ,0.08653888915827385,10.832996671756888
2020-12-03,000002.SZ,0.08014729315769485,10.844652616999026
2020-12-03,000001.SZ,0.0344574298205287,10.500212068105807
2020-12-03,000004.SZ,0.004644436273121978,9.733203103431153
2020-12-04,000001.SZ,0.2145167285605955,10.198381857640545
2020-12-04,000006.SZ,0.13506740888434726,10.071004154824552
2020-12-04,000002.SZ,0.11415454862953142,10.721856907045634
2020-12-07,000005.SZ,0.23031417864255502,13.817500746601613
2020-12-07,000002.SZ,-0.050228204650686684,10.82872608436286
2020-12-07,000004.SZ,-0.3259703861715333,9.792377397920212
2020-12-08,000005.SZ,1.0065831007120887,13.672064670621998
2020-12-08,000004.SZ,0.3645432546445617,10.034417763438688
2020-12-08,000001.SZ,0.2070585990406314,10.003056939735105
2020-12-09,000005.SZ,0.4445413213622723,13.958213852621453
2020-12-09,000001.SZ,0.2876197483957946,9.846626955036925
2020-12-09,000006.SZ,0.1182203132041853,10.061058972472058
2020-12-10,000002.SZ,0.5956248837657939,11.340288114758032
2020-12-10,000001.SZ,0.4797739630451341,10.284569274268856
2020-12-10,000005.SZ,0.4646132513865909,13.961374606311725
2020-12-11,000004.SZ,0.5316359267704037,9.50567889960324
2020-12-11,000005.SZ,0.2149478569722602,13.910328386165652
2020-12-11,000002.SZ,0.1713731678596371,11.074860772691398
2020-12-14,000005.SZ,0.8669077280950337,13.743251682376448
2020-12-14,000004.SZ,0.0812397152544556,9.86863535494242
2020-12-14,000006.SZ,-0.22124911548744758,10.128421664550702
2020-12-15,000004.SZ,0.5899935455662547,9.93253234913697
2020-12-15,000001.SZ,0.23242118762468125,10.307908776325071
2020-12-15,000005.SZ,0.11069019795374686,13.283474154148502
2020-12-16,000002.SZ,0.5085803510361862,11.309999480457902
2020-12-16,000004.SZ,0.2171824271517966,10.079733905597855
2020-12-16,000005.SZ,0.21568105145598868,13.436736098839916
2020-12-17,000002.SZ,0.6535794788950113,11.39426537886971
2020-12-17,000004.SZ,0.39600315777849776,10.063692127722426
2020-12-17,000001.SZ,0.16013786413536726,11.141992724469345
2020-12-18,000001.SZ,0.3450460489613906,10.737423144742484
2020-12-18,000006.SZ,0.33050387855247454,10.037243464153116
2020-12-18,000005.SZ,-0.2718919123077839,12.863629391312045
2020-12-21,000001.SZ,0.40451163303445886,10.61340032246292
2020-12-21,000006.SZ,0.3520495132033058,10.096540101010039
2020-12-21,000005.SZ,0.3309882085950675,12.97120137380155
2020-12-22,000001.SZ,0.6942687131355654,10.950829480126604
2020-12-22,000005.SZ,0.21685253280340885,12.857796806073654
2020-12-22,000004.SZ,-0.053891077778923824,9.803376223427014
2020-12-23,000001.SZ,0.6452206316108042,10.765232155040934
2020-12-23,000002.SZ,0.2872512134412398,11.221846590742054
2020-12-23,000006.SZ,0.12929728147892783,10.090399870527927
2020-12-24,000001.SZ,0.07069183427980144,10.885677024363147
2020-12-24,000002.SZ,0.05272480117788887,11.418355536320824
2020-12-24,000006.SZ,-0.19044071299848195,10.114384071039872
2020-12-25,000001.SZ,0.4247673200360482,11.097073294446364
2020-12-25,000002.SZ,0.08321778281653193,11.329472156905048
2020-12-25,000004.SZ,-0.10327426463889869,9.80094934775888
2020-12-28,000001.SZ,0.18249794298948308,10.85053553518728
2020-12-28,000004.SZ,-0.12241695095865125,9.739674124733304
2020-12-28,000006.SZ,-0.30462325433048154,9.790125451852681
2020-12-29,000005.SZ,0.10756244069435274,12.375652380370765
2020-12-29,000006.SZ,0.05521649101137824,9.656354033108826
2020-12-29,000004.SZ,0.02628614603656327,9.827908884175224
2020-12-30,000001.SZ,0.597832377257506,10.012360045371235
2020-12-30,000002.SZ,-0.013646252013446589,11.217324680206502
2020-12-30,000005.SZ,-0.02936081620427644,12.769153925726524
2020-12-31,000002.SZ,0.32815164647456696,11.211342273786201
2020-12-31,000004.SZ,0.1661482775789735,9.912716940745986
2020-12-31,000006.SZ,-0.10013851500293433,9.454691777220216
2021-01-01,000005.SZ,0.7575530484662416,12.953972532382052
2021-01-01,000002.SZ,0.08195242704753536,11.672693542507917
2021-01-01,000001.SZ,0.07778821819450074,9.70872234506315
2021-01-04,000002.SZ,0.20763610672699195,11.626722897349726
2021-01-04,000004.SZ,0.001282869059521935,9.418907916226756
2021-01-04,000006.SZ,-0.12720181108528478,9.459846497084659
2021-01-05,000004.SZ,0.2544681875106754,9.508706367462661
2021-01-05,000002.SZ,0.23921209568695528,11.55663894683688
2021-01-05,000001.SZ,0.0006951452200596175,9.805561502747322
2021-01-06,000004.SZ,0.3025445769781216,9.710725431876359
2021-01-06,000001.SZ,-0.18656882702017072,9.470204427143074
2021-01-06,000005.SZ,-0.3200787056926745,12.304058912037787
2021-01-07,000005.SZ,0.5164820781422634,12.3487037120986
2021-01-07,000002.SZ,0.3677160550947119,11.594278371755745
2021-01-07,000001.SZ,0.04387417916674033,9.370961528295021
2021-01-08,000002.SZ,0.8815236648563338,11.562961586162777
2021-01-08,000004.SZ,0.26326542791012225,9.566564103693567
2021-01-08,000005.SZ,-0.20086465058320402,12.589636277650385
2021-01-11,000001.SZ,0.2421046464434306,9.743887581901054
2021-01-11,000002.SZ,0.21171642150612632,11.430331676228981
2021-01-11,000006.SZ,-0.1991864277698002,9.481796910977222
2021-01-12,000002.SZ,0.9590670061921925,11.727207728832116
2021-01-12,000005.SZ,0.3630568307787066,13.045572890368204
2021-01-12,000006.SZ,-0.24367168367820954,9.507835407618636
2021-01-13,000002.SZ,1.1529442805946284,12.054127502224341
2021-01-13,000006.SZ,-0.15033775922544326,9.594186044645175
2021-01-13,000004.SZ,-0.41046265338427007,10.209457763512118
2021-01-14,000002.SZ,0.717753595260884,11.926872608919112
2021-01-14,000006.SZ,-0.0036939046773307865,9.7925477017755
2021-01-14,000004.SZ,-0.005078849129308782,10.118521236962916
2021-01-15,000002.SZ,0.5064575289031311,11.52242552570599
2021-01-15,000004.SZ,-0.09104205038440885,10.11741522066111
2021-01-15,000001.SZ,-0.10451248458177043,9.460750536305001
2021-01-18,000002.SZ,0.366678658417787,11.751918383118824
2021-01-18,000005.SZ,0.24735226105396796,12.751133012350513
2021-01-18,000004.SZ,0.02638247320673259,10.077044890826238
2021-01-19,000002.SZ,0.44792844076357075,11.609396725791253
2021-01-19,000004.SZ,0.37380391559330106,9.998745784305967
2021-01-19,000005.SZ,-0.13668384310332005,12.537952377877051
2021-01-20,000002.SZ,0.3368030569737932,11.79227272057144
2021-01-20,000004.SZ,0.1138432351199958,9.970661695622418
2021-01-20,000005.SZ,-0.3990544324043378,12.071638746845242
2021-01-21,000004.SZ,0.4750955730893701,9.640162208278415
2021-01-21,000002.SZ,-0.379583278200509,11.370153567573777
2021-01-21,000005.SZ,-0.581317109373792,12.371409049097474
2021-01-22,000004.SZ,0.6680509940717737,9.576472095459362
2021-01-22,000005.SZ,0.5176499500010175,12.32504413250389
2021-01-22,000002.SZ,0.17560031775140603,11.571500043926182
2021-01-25,000002.SZ,0.386693518649636,11.31817783309321
2021-01-25,000005.SZ,-0.13310065567617083,12.34113845451673
2021-01-25,000006.SZ,-0.2759657084228004,9.784256818576992
2021-01-26,000006.SZ,0.3986301094359411,9.875874372764294
2021-01-26,000004.SZ,0.3473289086339661,9.656522637153216
2021-01-26,000005.SZ,-0.17676245453355907,12.57360765882352
2021-01-27,000002.SZ,0.6294519861905035,11.49478937647125
2021-01-27,000005.SZ,0.3616343920115089,13.019250647470056
2021-01-27,000006.SZ,-0.2551224227705103,9.893773988785332
2021-01-28,000006.SZ,0.45497280789694655,9.632712955550284
2021-01-28,000005.SZ,0.13371254501601995,13.197416280910478
2021-01-28,000002.SZ,-0.033727929479228674,11.297839799567432
2021-01-29,000001.SZ,0.47646037507715916,10.20853794443616
2021-01-29,000006.SZ,0.4450178545947477,9.768532143952335
2021-01-29,000002.SZ,0.36324264248824195,11.21942658376516
2021-02-01,000001.SZ,0.709312273108735,9.734086295088993
2021-02-01,000004.SZ,0.1424834857816292,9.563342534271094
2021-02-01,000005.SZ,0.10518001936112825,13.345532799354975
2021-02-02,000005.SZ,0.6045365849956046,13.278868624575962
2021-02-02,000006.SZ,0.5551501501137381,9.933817251899539
2021-02-02,000002.SZ,0.21975775098255568,11.404642681746939
2021-02-03,000001.SZ,0.47178911883769903,9.843691841970191
2021-02-03,000005.SZ,0.1582114737434783,13.292907947283215
2021-02-03,000006.SZ,0.04909666361049418,9.91806960201677
2021-02-04,000006.SZ,0.7353744969210565,10.149816271271959
2021-02-04,000001.SZ,0.3193071587105185,9.914185238255524
2021-02-04,000005.SZ,0.07737859351362687,13.333510465257849
2021-02-05,000006.SZ,0.5427792317500575,10.22198094302341
2021-02-05,000002.SZ,0.5014831221492566,11.646019956006452
2021-02-05,000001.SZ,0.34493423021567765,9.766473469316573
2021-02-08,000001.SZ,0.681066722718745,9.719210707459098
2021-02-08,000005.SZ,0.485174227936548,13.15815099220195
2021-02-08,000006.SZ,0.3127641427729735,10.384297999486435
2021-02-09,000001.SZ,0.7456460051221959,9.604884930143896
2021-02-09,000006.SZ,0.35154131248701254,10.307883722275783
2021-02-09,000002.SZ,0.11685399093827725,12.047665298033143
2021-02-10,000005.SZ,0.8708269342635254,13.383660778414008
2021-02-10,000006.SZ,0.3429767126853663,10.36939801749838
2021-02-10,000001.SZ,0.22816124018379597,9.469514300647962
2021-02-11,000006.SZ,0.7110944521637165,10.094467929801318
2021-02-11,000005.SZ,0.38878705276796527,13.496689448100046
2021-02-11,000001.SZ,0.12523820269794123,9.67116120936436
2021-02-12,000005.SZ,0.5460148530174838,13.174702133739885
2021-02-12,000006.SZ,0.5399788469509431,10.078051005022937
2021-02-12,000001.SZ,0.28758710986489644,9.758583568232423
2021-02-15,000005.SZ,0.21771252143206876,13.480205674678905
2021-02-15,000002.SZ,-0.16604628506617838,11.74578156799219
2021-02-15,000004.SZ,-0.48437265365863263,9.029276425532508
2021-02-16,000005.SZ,0.524848966259909,13.77183382994426
2021-02-16,000006.SZ,0.4231431934472347,9.675909802311855
2021-02-16,000002.SZ,-0.2526500798947433,11.725923243077807
2021-02-17,000005.SZ,0.7654391475839637,13.75301625178601
2021-02-17,000001.SZ,0.5178801032647905,9.88968237853795
2021-02-17,000002.SZ,0.3002571573236527,12.07364237319522
2021-02-18,000004.SZ,0.35142168165434834,9.542377856946247
2021-02-18,000005.SZ,0.3404667436611324,13.873787330037086
2021-02-18,000006.SZ,0.19073431060150364,9.648070295004285
2021-02-19,000005.SZ,0.8803260679554176,13.824290558470569
2021-02-19,000006.SZ,0.5915527173372325,9.629289713355387
2021-02-19,000004.SZ,-0.12853463532963283,9.549116977102118
2021-02-22,000005.SZ,0.18570154509155878,14.021662344462651
2021-02-22,000002.SZ,-0.15634524394870852,11.495265375255158
2021-02-22,000001.SZ,-0.16254711682403544,10.047013308895876
2021-02-23,000001.SZ,0.5967404326679947,9.91249832905711
2021-02-23,000005.SZ,0.4425284333906951,13.819419799341734
2021-02-23,000006.SZ,0.32389035201654875,9.614813221343821
2021-02-24,000005.SZ,0.13592835284765686,14.16923971249793
2021-02-24,000004.SZ,0.08216568684614668,10.047251437675026
2021-02-24,000006.SZ,0.08121330555696961,9.78393817356315
2021-02-25,000005.SZ,0.7297212081667886,14.358438601075182
2021-02-25,000004.SZ,0.34941347762738323,10.074621718643051
2021-02-25,000001.SZ,0.3100860628317467,10.252973667229861
2021-02-26,000005.SZ,0.6246175214588439,14.556358769495345
2021-02-26,000004.SZ,0.3711419213528554,10.035458056132962
2021-02-26,000002.SZ,0.20600858426196167,11.14862349670471
2021-03-01,000004.SZ,0.6428445079614316,9.687359983094279
2021-03-01,000005.SZ,0.5363494873505292,14.534097142141068
2021-03-01,000002.SZ,0.4362584719525965,11.198540219719781
2021-03-02,000002.SZ,-0.058899893068856755,11.299255513630747
2021-03-02,000005.SZ,-0.2990255304872294,14.168238061182013
2021-03-02,000006.SZ,-0.3615740371080388,9.928273710617749
2021-03-03,000004.SZ,0.30234689118730895,9.732654678487874
2021-03-03,000005.SZ,0.10898387154680299,14.40532176249623
2021-03-03,000001.SZ,-0.3814742650711784,10.461929249420358
2021-03-04,000006.SZ,0.6642108214821189,10.12377837299484
2021-03-04,000004.SZ,0.6455742755214192,9.848241315665947
2021-03-04,000005.SZ,0.4104848179845797,14.051214626296044
2021-03-05,000005.SZ,0.6876237110658098,14.289492374630617
2021-03-05,000001.SZ,0.4677959510728843,10.555999888904717
2021-03-05,000004.SZ,-0.09714745036569648,10.02848791828325
2021-03-08,000001.SZ,0.8130076601295835,10.502455761547388
2021-03-08,000002.SZ,0.5406289599467294,11.601807186387688
2021-03-08,000005.SZ,0.5334143528617021,14.094268958315386
2021-03-09,000004.SZ,0.9547073299210572,10.36741464793479
2021-03-09,000005.SZ,0.3322909167617746,13.695628633930003
2021-03-09,000001.SZ,0.2971950024625155,10.791798435530476
2021-03-10,000001.SZ,0.25203362145407004,11.01507166337878
2021-03-10,000005.SZ,0.17284586885771686,13.70128816338431
2021-03-10,000004.SZ,0.1666017889091771,10.146537772170173
2021-03-11,000005.SZ,0.5488570470093351,14.007070999826013
2021-03-11,000002.SZ,0.2971908564616457,11.568398052537498
2021-03-11,000001.SZ,0.23199234137605934,11.23968401347341
2021-03-12,000001.SZ,0.5844561070458236,11.607990943962962
2021-03-12,000004.SZ,0.011926429122588539,9.541982043289474
2021-03-12,000006.SZ,-0.48862004239621326,9.260536819176608
2021-03-15,000002.SZ,0.17071184926633237,11.457629904617653
2021-03-15,000005.SZ,0.07850050791344419,14.181822449539785
2021-03-15,000001.SZ,-0.03427560851506212,11.616865071533969
2021-03-16,000002.SZ,0.8593736466465667,11.541267504757746
2021-03-16,000001.SZ,0.5162918652820325,11.815592941856043
2021-03-16,000004.SZ,0.24047369836612448,10.196090319141202
2021-03-17,000001.SZ,0.8720726911594212,11.72901622949524
2021-03-17,000004.SZ,0.24001316482116702,10.14836723566461
2021-03-17,000002.SZ,-0.01805322706672261,11.443838746421335
2021-03-18,000001.SZ,0.7338855737861301,11.825516718696695
2021-03-18,000004.SZ,0.00884756155966207,9.846734223895838
2021-03-18,000002.SZ,-0.15624159447303704,11.306956272276292
2021-03-19,000001.SZ,0.688027166629402,11.790800918434428
2021-03-19,000004.SZ,0.6332159922091483,9.717181634589862
2021-03-19,000002.SZ,0.008549444343175547,11.322326724080297
2021-03-22,000005.SZ,0.6505960907922343,14.325462309807744
2021-03-22,000001.SZ,0.4179816682820844,11.821810660201793
2021-03-22,000004.SZ,0.2732037015063516,9.952918972812185
2021-03-23,000001.SZ,0.8158321347143416,11.998495091704907
2021-03-23,000006.SZ,0.6423914171589615,9.155047397287658
2021-03-23,000005.SZ,0.07878872105236012,14.555065010248251
2021-03-24,000005.SZ,0.07476232842652974,14.403290173464748
2021-03-24,000006.SZ,0.021243817521623562,9.25498135029622
2021-03-24,000001.SZ,-0.09331637582599772,11.763228412873799
2021-03-25,000001.SZ,0.5115777311327685,12.38525078902563
2021-03-25,000004.SZ,0.5052219091938253,9.99548180009748
2021-03-25,000005.SZ,0.05981874302648179,14.197561840200045
2021-03-26,000001.SZ,0.8344505100489386,12.086645294360212
2021-03-26,000004.SZ,0.18093022234130648,10.147125783463817
2021-03-26,000002.SZ,0.04560445482225162,10.947005608538728
2021-03-29,000005.SZ,0.5460886397861587,14.5193542883658
2021-03-29,000001.SZ,0.3431461411048591,11.735216785021533
2021-03-29,000004.SZ,0.1963153155679241,10.541631089557608
2021-03-30,000001.SZ,0.5646009238479923,12.076069167461672
2021-03-30,000005.SZ,0.4714588070400553,14.204730438513097
2021-03-30,000002.SZ,0.17969095072858582,10.704489182308086
2021-03-31,000004.SZ,0.6031847472445004,10.710351700997137
2021-03-31,000005.SZ,0.5612823260815883,14.511021229852537
2021-03-31,000001.SZ,0.5157278447877995,12.315721027135897
2021-04-01,000001.SZ,0.6676958944802078,12.508662700685452
2021-04-01,000004.SZ,0.6116747066967134,11.152367777365424
2021-04-01,000005.SZ,0.10559382371637477,14.528004787048882
2021-04-02,000001.SZ,1.093252026219682,12.705942809480588
2021-04-02,000004.SZ,0.29451696967632873,11.236859882363767
2021-04-02,000005.SZ,0.16117701349030947,14.100110941367294
2021-04-05,000001.SZ,0.8708222446537563,12.705298821638639
2021-04-05,000006.SZ,0.3550458024314415,8.833880431443774
2021-04-05,000005.SZ,0.12553759569926973,13.986841569770675
2021-04-06,000001.SZ,1.1253380770148937,12.432070238126762
2021-04-06,000005.SZ,0.1457832913916406,14.149586820427857
2021-04-06,000004.SZ,-0.010281602062302386,11.218135569832992
2021-04-07,000001.SZ,0.9971291319782907,12.458294733075476
2021-04-07,000004.SZ,0.3962482409598402,11.326204924960727
2021-04-07,000005.SZ,0.11284793327711612,14.630416919206997
2021-04-08,000001.SZ,0.6819755832363501,12.256308620901786
2021-04-08,000005.SZ,0.620990106323821,14.284432784894186
2021-04-08,000004.SZ,0.6113636182596913,11.256763150450546
2021-04-09,000002.SZ,0.5491079914736197,10.658186928181602
2021-04-09,000004.SZ,0.5102556091697908,11.13897898793072
2021-04-09,000005.SZ,0.04411531605723999,13.570484088413439
2021-04-12,000004.SZ,0.8723206984569682,11.072909447692318
2021-04-12,000001.SZ,0.5931990632575287,12.513813732047973
2021-04-12,000005.SZ,0.2268885031152216,13.25389344069447
2021-04-13,000004.SZ,0.9602801222960573,10.953784328692638
2021-04-13,000001.SZ,0.031046175718960817,12.266255083176896
2021-04-13,000002.SZ,-0.07329454421901753,11.329333738952009
2021-04-14,000001.SZ,0.4285671882223807,12.173058647914164
2021-04-14,000004.SZ,0.07746765501340983,10.896188616269782
2021-04-14,000002.SZ,-0.10901407124897715,11.548735838178875
2021-04-15,000001.SZ,0.7520989302492606,12.299940446917725
2021-04-15,000004.SZ,0.2355750087179487,10.709369514208271
2021-04-15,000002.SZ,0.09598055267201579,11.575603060640757
2021-04-16,000002.SZ,0.22206203325747387,11.408578774494014
2021-04-16,000001.SZ,0.13533581037464865,12.134208233492313
2021-04-16,000004.SZ,0.08445783757387484,10.798737222647404
2021-04-19,000004.SZ,0.3347239746457531,10.871859986016316
2021-04-19,000006.SZ,0.27035162370165655,9.204502841892117
2021-04-19,000005.SZ,-0.059301988432889065,13.836562997830473
2021-04-20,000004.SZ,0.4187205019532987,10.95323412167219
2021-04-20,000006.SZ,0.01734324902061002,9.176933599656866
2021-04-20,000005.SZ,0.0002430847346159143,13.684034646274625
2021-04-21,000004.SZ,1.106518849095729,10.941909336139403
2021-04-21,000002.SZ,0.6176202869206932,11.456899122731466
2021-04-21,000001.SZ,0.35363070539543484,12.044428287846156
2021-04-22,000004.SZ,0.7722886339564476,10.90437183932628
2021-04-22,000006.SZ,0.3548050543574404,9.303259615143538
2021-04-22,000002.SZ,0.3412279274536344,11.77228423450118
2021-04-23,000004.SZ,0.5694411170243243,11.239920976143944
2021-04-23,000002.SZ,0.5435064425372451,11.926146054365505
2021-04-23,000005.SZ,0.041442415495060475,13.985615365377237
2021-04-26,000005.SZ,0.10309426892154638,14.444409991629719
2021-04-26,000004.SZ,-0.006752969184509822,11.258699541107685
2021-04-26,000006.SZ,-0.08915135705723815,9.273452409284161
2021-04-27,000002.SZ,0.23802938604003732,11.841977714209797
2021-04-27,000005.SZ,0.1735078509993201,14.381394612983776
2021-04-27,000004.SZ,0.07302557756972641,11.562136592817417
2021-04-28,000004.SZ,0.8487353975123794,11.327587105631808
2021-04-28,000002.SZ,0.09369336772196948,11.629395551831784
2021-04-28,000001.SZ,-0.1473932011549316,11.04068883865935
2021-04-29,000005.SZ,0.38146372532966305,13.678282645770759
2021-04-29,000004.SZ,0.18716106937656818,11.470529624301715
2021-04-29,000006.SZ,0.14723591793243357,9.050952304073668
2021-04-30,000002.SZ,0.5002956486945263,11.616664503325921
2021-04-30,000005.SZ,0.3216844278453121,13.269443433007673
2021-04-30,000006.SZ,0.20227258723993533,8.845015202564422
2021-05-03,000002.SZ,-0.01558900177962183,12.070976026993883
2021-05-03,000005.SZ,-0.17309929542149305,13.322522252625852
2021-05-03,000004.SZ,-0.3936970502102047,11.172071792947232
2021-05-04,000002.SZ,0.7804180687471124,12.809510807306427
2021-05-04,000004.SZ,-0.004021404287815444,11.07954149407437
2021-05-04,000005.SZ,-0.07635255561089561,13.27065861768656
2021-05-05,000002.SZ,0.42192717893909304,12.966228387554848
2021-05-05,000004.SZ,0.23237497064559978,10.973435107483917
2021-05-05,000001.SZ,0.03838984874483059,11.528147901525482
2021-05-06,000002.SZ,0.7456446740978032,12.930724715337433
2021-05-06,000004.SZ,0.42600630303542875,10.869475817034644
2021-05-06,000001.SZ,0.20879463853350252,11.48591497686154
2021-05-07,000002.SZ,0.8497014658379574,13.071104933701347
2021-05-07,000001.SZ,0.4436120515964316,11.48342757181262
2021-05-07,000006.SZ,0.25977782212889144,8.669564392304732
2021-05-10,000001.SZ,0.1775385552660946,11.207522816608337
2021-05-10,000002.SZ,-0.04536415821954426,13.301332268156214
2021-05-10,000006.SZ,-0.48437604353596364,8.694894066241904
2021-05-11,000002.SZ,0.5498248011701694,13.230553763868294
2021-05-11,000005.SZ,0.4893638537779407,12.479116227205761
2021-05-11,000006.SZ,-0.18022145310757387,8.578191815422286
2021-05-12,000002.SZ,0.38568152732731076,13.696089870336834
2021-05-12,000001.SZ,-0.05084197294514921,11.1290212846801
2021-05-12,000006.SZ,-0.20105058352329241,8.651031988106377
2021-05-13,000002.SZ,0.4986436233296221,13.765492499503551
2021-05-13,000004.SZ,0.26789590375994926,11.320421356418052
2021-05-13,000006.SZ,0.08267045332135925,8.56073674645571
2021-05-14,000004.SZ,0.6903379916401678,11.407494743691462
2021-05-14,000002.SZ,0.6425037760206208,13.90528800623224
2021-05-14,000005.SZ,-0.4106013861655389,12.285923997210169
2021-05-17,000002.SZ,0.5960675801276916,14.091140808828301
2021-05-17,000004.SZ,-0.09909227458165855,11.337312156224781
2021-05-17,000005.SZ,-0.8193695153409464,12.379320944081208
2021-05-18,000002.SZ,1.3044567444853101,14.213807459720751
2021-05-18,000004.SZ,0.05662953386429322,10.972113254495152
2021-05-18,000001.SZ,-0.15589201014972565,11.570752906246573
2021-05-19,000002.SZ,0.6960511731011638,14.45087488922235
2021-05-19,000004.SZ,0.11284287663925092,11.024589883611453
2021-05-19,000001.SZ,-0.0027140625395404155,11.542832259336127
2021-05-20,000002.SZ,1.1297714079264338,14.293778678142397
2021-05-20,000005.SZ,-0.12627564690540535,12.24022451539107
2021-05-20,000006.SZ,-0.29572569150736705,8.188865772977808
2021-05-21,000002.SZ,0.5732038535696009,14.154122921879612
2021-05-21,000004.SZ,0.42439621925514487,10.938169332655187
2021-05-21,000001.SZ,-0.37956724093723404,11.861784205745174
2021-05-24,000002.SZ,1.109824836825759,13.87328789143255
2021-05-24,000001.SZ,0.4620216866169494,11.748651896857954
2021-05-24,000006.SZ,-0.21307276072880268,8.303880174491995
2021-05-25,000002.SZ,0.16144288607857157,13.998788405135276
2021-05-25,000001.SZ,0.08216292593810137,11.816298608868776
2021-05-25,000006.SZ,0.02497346790974042,8.24054286024297
2021-05-26,000002.SZ,0.45236032408480636,14.216167792699716
2021-05-26,000001.SZ,-0.11173546672441899,11.822894557147322
2021-05-26,000004.SZ,-0.4725456942749787,10.6478849314496
2021-05-27,000002.SZ,1.194786287240071,14.349715586449472
2021-05-27,000004.SZ,-0.18091090968711113,10.507695654518304
2021-05-27,000005.SZ,-0.2897470308740977,12.486209467269294
2021-05-28,000001.SZ,0.9795305272334761,11.634633138861908
2021-05-28,000002.SZ,0.81140487781083,14.820839402637372
2021-05-28,000004.SZ,-0.2002954006648622,10.593339662853673
2021-05-31,000005.SZ,0.4724282480649431,12.647798240651351
2021-05-31,000002.SZ,0.4663028356454809,14.829861913112865
2021-05-31,000001.SZ,-0.30466722767279286,11.644528207567026
2021-06-01,000002.SZ,1.12418301057751,15.028871004875572
2021-06-01,000001.SZ,0.6506621800101099,11.790455537678477
2021-06-01,000004.SZ,0.23641899113928655,11.351121939816455
2021-06-02,000002.SZ,0.8276133292385156,14.733029284766694
2021-06-02,000006.SZ,0.356304791602178,8.210161919991695
2021-06-02,000004.SZ,0.17216874177357414,11.827041746784364
2021-06-03,000002.SZ,0.3595341587175137,14.636277814491676
2021-06-03,000005.SZ,0.3363737744584878,12.603587741911834
2021-06-03,000004.SZ,0.21233581796029177,11.865664188665717
2021-06-04,000004.SZ,0.002026585262779601,11.749672170818343
2021-06-04,000005.SZ,0.001057718672739405,12.181546995913743
2021-06-04,000002.SZ,-0.12050950055318327,14.8401892140242
2021-06-07,000001.SZ,0.6345612992132845,12.95294751270594
2021-06-07,000006.SZ,0.5049533373363868,8.395111040299772
2021-06-07,000002.SZ,0.41400861298870767,15.090596492968062
2021-06-08,000001.SZ,0.6198699434332238,13.236139165767637
2021-06-08,000005.SZ,0.2233113654633687,12.255864765960442
2021-06-08,000004.SZ,-0.14820886369260408,11.849224890804319
2021-06-09,000001.SZ,0.6310537678210277,13.29906246110918
2021-06-09,000002.SZ,0.360807442649678,15.008302714179212
2021-06-09,000004.SZ,0.14987716243049762,11.665663203315006
2021-06-10,000001.SZ,0.7494281003183386,14.035766236371485
2021-06-10,000004.SZ,0.6461938786879832,11.594777011760351
2021-06-10,000005.SZ,0.2282477792641796,12.228255572117178
2021-06-11,000001.SZ,0.8489270710511473,13.763899268479733
2021-06-11,000002.SZ,0.6514619149260472,14.507432065265158
2021-06-11,000004.SZ,0.3298055437198201,11.494250555466154
2021-06-14,000001.SZ,1.2412786757499674,13.48690796123311
2021-06-14,000002.SZ,0.21488709192290256,14.763717804298873
2021-06-14,000004.SZ,0.1730016938638708,11.59656291301757
2021-06-15,000001.SZ,1.3153777454275168,13.293556990990055
2021-06-15,000006.SZ,0.395227747944766,8.528106941687687
2021-06-15,000002.SZ,0.10584744256949123,14.935460796704259
2021-06-16,000001.SZ,0.481002780115086,12.622466892556794
2021-06-16,000002.SZ,0.4103893967083733,15.08796979758084
2021-06-16,000004.SZ,0.38316853915353727,11.47833745430849
2021-06-17,000001.SZ,0.6948289814226263,12.463981532573476
2021-06-17,000002.SZ,0.47648911705075814,15.112933233183021
2021-06-17,000004.SZ,0.29430586269225684,11.869310538141741
2021-06-18,000004.SZ,0.46312879200059875,11.902706225960957
2021-06-18,000002.SZ,0.23011630568771868,15.125745469112648
2021-06-18,000005.SZ,0.15495686892171812,12.647615535300893
2021-06-21,000001.SZ,0.9513756426760192,12.285546044486665
2021-06-21,000006.SZ,0.49059173703599385,8.441102648426556
2021-06-21,000002.SZ,0.3620393400253705,14.949161659470473
2021-06-22,000005.SZ,0.5009367571103621,11.967593156655456
2021-06-22,000004.SZ,0.33406757049863034,12.603061351340838
2021-06-22,000006.SZ,0.2927310708250617,8.445270832653073
2021-06-23,000004.SZ,0.6671429819270663,12.762860147477708
2021-06-23,000006.SZ,0.5542737790324133,8.572158843560388
2021-06-23,000001.SZ,0.16940095913344705,12.978282701529423
2021-06-24,000004.SZ,0.7340326386587765,12.672393237731654
2021-06-24,000006.SZ,0.36053646077381774,8.588872269970096
2021-06-24,000005.SZ,0.16056140039484876,11.608956704862845
2021-06-25,000004.SZ,1.1743955184486932,12.953538492327345
2021-06-25,000006.SZ,0.9335670670336517,8.591161652060661
2021-06-25,000001.SZ,0.29647266171802955,13.10416617054435
2021-06-28,000004.SZ,0.8481754402997468,12.889666218168259
2021-06-28,000002.SZ,0.5042079369482885,14.703508010864253
2021-06-28,000005.SZ,0.2424357588284387,11.161162525774014
2021-06-29,000004.SZ,0.48268935863711526,12.892542096791022
2021-06-29,000001.SZ,0.1727534021395888,12.980744418795743
2021-06-29,000006.SZ,0.16677040022476058,8.415728859833223
2021-06-30,000004.SZ,1.0592424931253692,12.984981263023588
2021-06-30,000002.SZ,0.4170657727261191,14.897288088879634
2021-06-30,000006.SZ,0.15408514121028877,8.601816809756919
2021-07-01,000004.SZ,0.42029794912813095,12.986969840280585
2021-07-01,000001.SZ,0.15627600334950612,13.150958359819517
2021-07-01,000002.SZ,-0.08682435886253068,14.66724435750592
2021-07-02,000004.SZ,0.5266656043246284,12.796929789269855
2021-07-02,000001.SZ,0.51740119647891,13.540007087846496
2021-07-02,000005.SZ,-0.18935672733461795,12.326824852822204
2021-07-05,000001.SZ,0.6307580470655723,13.388552948186888
2021-07-05,000004.SZ,0.36156191239773655,12.399477495783293
2021-07-05,000005.SZ,0.2683239121981951,12.32171837580388
2021-07-06,000004.SZ,0.6151187286865091,12.6530978675655
2021-07-06,000006.SZ,0.5901054734125794,8.666708013666604
2021-07-06,000002.SZ,0.38237639364944265,15.081104740379445
2021-07-07,000004.SZ,1.0367467732692779,12.807739879505773
2021-07-07,000001.SZ,1.0233439769518886,13.27781359455901
2021-07-07,000006.SZ,0.2548914608158029,8.788084015325653
2021-07-08,000001.SZ,0.734830179189819,13.243897698618278
2021-07-08,000004.SZ,0.4994266240253166,12.360019705793675
2021-07-08,000005.SZ,0.27273367478469707,13.056674655933396
2021-07-09,000004.SZ,0.6276082586170794,12.172426584081668
2021-07-09,000001.SZ,0.4632239883836525,13.655217525335079
2021-07-09,000005.SZ,0.37034898504521596,12.89873496606675
2021-07-12,000001.SZ,0.24638434642269488,13.135208101440242
2021-07-12,000002.SZ,0.19598700391104185,15.454954562781547
2021-07-12,000004.SZ,0.17642020678520845,12.221160606388246
2021-07-13,000002.SZ,0.6345139798382187,15.542409595372446
2021-07-13,000004.SZ,0.561049011961712,12.337637290670767
2021-07-13,000001.SZ,-0.16830557098501234,12.946904761160399
2021-07-14,000002.SZ,0.7086931806008806,15.445535320333203
2021-07-14,000006.SZ,0.48452601353503433,9.013256073754283
2021-07-14,000005.SZ,0.12504597928679184,13.02193263779506
2021-07-15,000005.SZ,0.9673567117605947,12.926198312537327
2021-07-15,000004.SZ,0.5674048852453157,11.937556565396559
2021-07-15,000002.SZ,0.5354878443056983,15.498437693851725
2021-07-16,000005.SZ,0.3716798458718494,13.160923757887728
2021-07-16,000004.SZ,0.3564214687139716,12.075730371725037
2021-07-16,000001.SZ,0.11935867342647258,12.830884788964362
2021-07-19,000001.SZ,0.9792688733293667,13.03149160552086
2021-07-19,000006.SZ,0.09513320380881536,9.281671171471725
2021-07-19,000002.SZ,0.07822109448111075,15.125280424610846
2021-07-20,000005.SZ,1.0614790589622958,13.149770942149605
2021-07-20,000001.SZ,0.9442907139853026,12.698120378780741
2021-07-20,000006.SZ,0.3785804766965426,9.290962643780166
2021-07-21,000005.SZ,0.7082283921304491,13.21067386876254
2021-07-21,000006.SZ,0.29919423319392446,9.62413193200918
2021-07-21,000001.SZ,0.13271785328059918,12.657046739399053
2021-07-22,000005.SZ,0.9059762795934179,12.80247019163134
2021-07-22,000006.SZ,0.3891636129593862,9.432697098527402
2021-07-22,000001.SZ,-0.00810341795604035,12.697583058173443
2021-07-23,000006.SZ,0.2877321062392556,9.431442277124736
2021-07-23,000005.SZ,0.24609000854832513,12.438952192748513
2021-07-23,000002.SZ,0.07980350208443676,14.39034342867634
2021-07-26,000001.SZ,0.2171554005091694,13.091427608636613
2021-07-26,000005.SZ,0.17438617225366532,12.694230398633529
2021-07-26,000004.SZ,-0.08358124929424275,11.694654033861587
2021-07-27,000005.SZ,0.40605076249659944,12.542658471912363
2021-07-27,000002.SZ,0.3559042044397231,14.658916538463576
2021-07-27,000004.SZ,-0.1595179236885709,11.704805049293919
2021-07-28,000006.SZ,0.3678662997831057,9.187655339965668
2021-07-28,000005.SZ,0.317104742183988,12.517074800597678
2021-07-28,000002.SZ,0.14266479740620244,14.52185613113063
2021-07-29,000006.SZ,0.6554519150102407,9.088503490087069
2021-07-29,000004.SZ,0.21935339966551434,10.87867702320918
2021-07-29,000005.SZ,0.19602074349078494,12.897586989190454
2021-07-30,000002.SZ,0.5297451921261798,13.788149127116313
2021-07-30,000005.SZ,0.4915032772331857,12.88191887835491
2021-07-30,000006.SZ,0.08809026256425258,9.343670420093078
2021-08-02,000002.SZ,0.4544363329816042,14.123466558978464
2021-08-02,000005.SZ,0.38040825460959815,12.837481707064596
2021-08-02,000004.SZ,-0.19230895223579364,10.907032734507196
2021-08-03,000001.SZ,0.330206857986503,13.032198672867079
2021-08-03,000006.SZ,0.16401957658667038,9.624056282093763
2021-08-03,000005.SZ,-0.24171320512194783,13.055202316140665
2021-08-04,000002.SZ,0.5733562641596291,13.957001477453941
2021-08-04,000005.SZ,0.3308436987972415,12.917938447206543
2021-08-04,000006.SZ,0.06260181951439953,9.555870831712037
2021-08-05,000002.SZ,0.353552868668319,14.009199862908003
2021-08-05,000005.SZ,0.33352740082365157,13.211111376790448
2021-08-05,000006.SZ,0.2561991017732391,9.456935165739816
2021-08-06,000005.SZ,0.49159263932485336,13.43011702801716
2021-08-06,000006.SZ,0.41834410571909986,9.571937726491415
2021-08-06,000002.SZ,0.22495151028723176,14.1525488592943
2021-08-09,000006.SZ,0.6461215393993294,9.62102961795737
2021-08-09,000001.SZ,0.6373579425755505,14.186838912355931
2021-08-09,000002.SZ,0.3583362263179607,14.464380042702182
2021-08-10,000001.SZ,0.8044424487292917,14.814145998223605
2021-08-10,000006.SZ,0.15376593254286056,9.602685798749699
2021-08-10,000002.SZ,0.01985967284933446,14.875711183190269
2021-08-11,000001.SZ,0.7358103898490402,14.727707492628566
2021-08-11,000006.SZ,0.31740349834654336,9.68873013263319
2021-08-11,000002.SZ,0.10346154116933054,14.785644406661568
2021-08-12,000001.SZ,0.5587018449338158,15.086351479318818
2021-08-12,000005.SZ,0.3227222446416731,14.227547861385279
2021-08-12,000006.SZ,0.2710534802625954,9.82968430361305
2021-08-13,000005.SZ,0.11144483597159863,13.891601682592032
2021-08-13,000006.SZ,0.010805133259914501,9.809515790007197
2021-08-13,000001.SZ,-0.020596910818843572,15.330682744767108
2021-08-16,000001.SZ,0.6413944832980136,15.857569002565668
2021-08-16,000005.SZ,0.07101357046011772,13.251334693390879
2021-08-16,000006.SZ,-0.2379899410263147,9.69201566488561
2021-08-17,000001.SZ,0.7679666735534334,15.490839617172798
2021-08-17,000002.SZ,0.23571950593788923,14.160060332285092
2021-08-17,000005.SZ,0.12304566702587955,13.064091983500955
2021-08-18,000001.SZ,1.507426218534608,15.757421587674312
2021-08-18,000006.SZ,0.2593037625817448,9.536817714304343
2021-08-18,000005.SZ,-0.08034611559585567,13.139463512838862
2021-08-19,000001.SZ,0.46031650951327413,16.175534338295336
2021-08-19,000006.SZ,0.3736239485661725,9.872450329956957
2021-08-19,000005.SZ,-0.17519039178542026,13.250435734694094
2021-08-20,000001.SZ,0.3846011926659202,15.497018376315577
2021-08-20,000005.SZ,0.16007497329573483,13.241322968260738
2021-08-20,000006.SZ,0.03891044524731249,9.704538091688379
2021-08-23,000001.SZ,0.9735062781918229,15.057840290665439
2021-08-23,000006.SZ,0.16260161109934151,9.878164332653917
2021-08-23,000005.SZ,-0.1328702393188557,13.234387535771408
2021-08-24,000001.SZ,0.8286111155462549,14.327381527412935
2021-08-24,000006.SZ,0.46345236188825045,9.777076566982387
2021-08-24,000002.SZ,0.41544850034918235,13.843507589588866
2021-08-25,000005.SZ,0.6884477906480272,13.466411647556564
2021-08-25,000001.SZ,0.27686153414457476,14.236648993822945
2021-08-25,000002.SZ,0.05628989009746652,13.793313029732257
2021-08-26,000001.SZ,0.9923377521415281,14.492828105966689
2021-08-26,000005.SZ,0.46824917336636707,13.12173500661589
2021-08-26,000006.SZ,-0.19504286310648344,9.852797623406149
2021-08-27,000001.SZ,1.1157467718060785,15.040128179147313
2021-08-27,000005.SZ,-0.2669118788907025,13.191621390395174
2021-08-27,000004.SZ,-0.29134009753947543,10.440120705359044
2021-08-30,000001.SZ,0.11407489783286401,15.071222647399317
2021-08-30,000004.SZ,0.06658047749125165,10.474995666338938
2021-08-30,000002.SZ,-0.0711133023581427,14.086469182138607
2021-08-31,000001.SZ,0.525612182380581,15.688834843162649
2021-08-31,000004.SZ,0.4237555869911372,10.518044159911566
2021-08-31,000006.SZ,0.37571861323712935,9.898609248183188
2021-09-01,000001.SZ,0.4723046273865601,15.170858855335887
2021-09-01,000005.SZ,0.41699936055318904,13.074061374834907
2021-09-01,000002.SZ,0.27753221254630606,13.386923055482535
2021-09-02,000001.SZ,0.5422028008200812,14.554217558061044
2021-09-02,000002.SZ,0.24374167711831562,13.023557934634788
2021-09-02,000004.SZ,0.0660092817030789,10.150865521695348
2021-09-03,000001.SZ,0.8752496231059841,14.53804419303069
2021-09-03,000004.SZ,0.23524787746658327,10.530008672857239
2021-09-03,000005.SZ,-0.19571922707202807,12.817895505618102
2021-09-06,000004.SZ,0.21345969281188232,10.522340555576967
2021-09-06,000005.SZ,0.06977654149474388,13.291585674050015
2021-09-06,000001.SZ,0.015101782583703843,14.679188552338434
2021-09-07,000001.SZ,0.7257282335882027,14.671090711784522
2021-09-07,000004.SZ,0.006777786090149979,10.428107868984016
2021-09-07,000006.SZ,-0.2723644937760446,9.590713327551978
2021-09-08,000001.SZ,0.35403747622953885,13.949745829950773
2021-09-08,000006.SZ,0.2096360873650514,9.133744256758042
2021-09-08,000005.SZ,-0.15062404193974155,13.395812569316764
2021-09-09,000004.SZ,0.2683329770179638,10.480149016201949
2021-09-09,000001.SZ,-0.1055105679967763,13.922784329992714
2021-09-09,000006.SZ,-0.19358089394819467,9.144696401129607
2021-09-10,000004.SZ,0.6028925610157057,10.558580120795991
2021-09-10,000001.SZ,0.06612214274707394,13.48809286279966
2021-09-10,000005.SZ,-0.18047566413134325,13.019078340015561
2021-09-13,000004.SZ,0.7250865922881312,10.376048040493867
2021-09-13,000005.SZ,-0.047892134899865255,13.338412691426061
2021-09-13,000002.SZ,-0.057423424107033216,12.175927427056612
2021-09-14,000006.SZ,0.2561130382706082,9.277623635437216
2021-09-14,000005.SZ,0.2469840902640863,13.593316847427824
2021-09-14,000004.SZ,0.06678387273006114,10.362128007204397
2021-09-15,000005.SZ,0.5647550258073872,13.770886461858115
2021-09-15,000006.SZ,0.3685365881456574,9.344423261180221
2021-09-15,000004.SZ,-0.1316299134088827,10.227357735511873
2021-09-16,000006.SZ,0.02722709158419588,9.237661699573827
2021-09-16,000005.SZ,-0.1346886571146577,13.978988005303702
2021-09-16,000004.SZ,-0.26893023872117444,9.852714404651358
2021-09-17,000005.SZ,1.0359515564854684,13.78740090593637
2021-09-17,000004.SZ,0.170106910555079,9.95478324009184
2021-09-17,000006.SZ,-0.19410715567975928,9.468031886310532
2021-09-20,000005.SZ,-0.1522945596606085,13.407052925677249
2021-09-20,000004.SZ,-0.5297047254281448,9.70473037520643
2021-09-20,000001.SZ,-0.6814445577046018,13.008180778508018
2021-09-21,000001.SZ,0.2354373038739,13.319587655428117
2021-09-21,000006.SZ,0.004516791326950612,9.738674223091602
2021-09-21,000004.SZ,-0.1541445640056765,9.674041323088039
2021-09-22,000002.SZ,-0.01571287954345979,12.318266136671314
2021-09-22,000006.SZ,-0.12150901254467901,9.494028421172592
2021-09-22,000005.SZ,-0.16402858262555292,13.77876561449088
2021-09-23,000005.SZ,0.5923039053192869,14.19622956674576
2021-09-23,000004.SZ,0.06900873367527759,9.564556192578562
2021-09-23,000006.SZ,-0.14700759631034102,9.457350739109643
2021-09-24,000005.SZ,-0.1421398083426305,14.149643810688364
2021-09-24,000006.SZ,-0.23016876551460924,9.438510534351849
2021-09-24,000002.SZ,-0.6484513605250967,12.723772460610128
2021-09-27,000002.SZ,0.20844498291403504,12.46000353162209
2021-09-27,000005.SZ,0.10263119811599,14.065559928294709
2021-09-27,000004.SZ,-0.6726828514849352,9.630603212568658
2021-09-28,000006.SZ,0.16882349834180008,9.546932470188423
2021-09-28,000005.SZ,0.0787089169992375,14.009547712422117
2021-09-28,000001.SZ,0.04982059124462962,12.72577168454215
2021-09-29,000005.SZ,-0.10794358525789638,14.188430184113637
2021-09-29,000002.SZ,-0.18587556091262805,13.045097503718104
2021-09-29,000004.SZ,-0.49166092660894534,9.850133859120811
2021-09-30,000005.SZ,0.730702106228035,14.120840263293314
2021-09-30,000002.SZ,-0.027815721430372656,12.780867016646965
2021-09-30,000001.SZ,-0.13863354751102153,12.245872061542578
2021-10-01,000005.SZ,0.29510429704710567,14.112898470510425
2021-10-01,000002.SZ,0.1348753213410413,12.570519920837988
2021-10-01,000006.SZ,-0.09008943050641623,10.161023940690747
2021-10-04,000002.SZ,0.20364198758357543,12.823342429109996
2021-10-04,000006.SZ,0.06066767837221522,9.99048430434377
2021-10-04,000005.SZ,-0.006918488675081269,14.335156024854426
2021-10-05,000005.SZ,0.18464055245333497,14.177268887633145
2021-10-05,000006.SZ,-0.0252919014574989,9.700475308049734
2021-10-05,000002.SZ,-0.4732956010482276,12.898398601626283
2021-10-06,000005.SZ,0.2987447141362084,14.549125410609236
2021-10-06,000002.SZ,0.2884507914929889,13.042602899027482
2021-10-06,000006.SZ,0.09986132561656633,9.885068929727193
2021-10-07,000004.SZ,0.4597380512547636,9.799588531275596
2021-10-07,000005.SZ,0.25167427818142574,14.724732308167923
2021-10-07,000006.SZ,0.04824449846689009,9.803818498277646
2021-10-08,000005.SZ,0.6760418446067182,14.237482948990287
2021-10-08,000002.SZ,0.2688145183555781,13.242686680299151
2021-10-08,000006.SZ,-0.11338865850188597,10.219084068603742
2021-10-11,000002.SZ,0.9344987503338616,12.924634936187173
2021-10-11,000006.SZ,0.7853458140840489,10.364013600415875
2021-10-11,000005.SZ,0.41674242537103884,14.109211581271406
2021-10-12,000006.SZ,0.5422872257775073,10.423979189024692
2021-10-12,000005.SZ,0.2096331542026783,13.600708431668096
2021-10-12,000002.SZ,-0.013905903689191201,13.191958056842441
2021-10-13,000006.SZ,0.5497533821711991,10.492995448348008
2021-10-13,000002.SZ,0.5387687228409472,13.495905627798969
2021-10-13,000005.SZ,-0.15985771896137196,13.557123115335605
2021-10-14,000006.SZ,0.8133604388365457,10.564110735347503
2021-10-14,000002.SZ,0.5350746325800705,13.447227636724406
2021-10-14,000005.SZ,-0.014051924605366153,13.439178523897217
2021-10-15,000006.SZ,0.6668283070864052,10.452866091212831
2021-10-15,000002.SZ,0.5076687326134328,13.445801601044726
2021-10-15,000001.SZ,0.10233432435140274,12.354507331565152
2021-10-18,000006.SZ,1.1357777770090194,10.171665074715758
2021-10-18,000005.SZ,0.28146886250650816,13.43842060210877
2021-10-18,000004.SZ,0.1715505056245588,9.482948070130215
2021-10-19,000006.SZ,0.7265967207038937,10.087437780966138
2021-10-19,000005.SZ,0.4070380855749336,13.539600937576331
2021-10-19,000002.SZ,0.35310148221046145,13.209177925867166
2021-10-20,000002.SZ,0.7386841255059815,13.362043841940972
2021-10-20,000004.SZ,0.1657678153737078,10.46289608875291
2021-10-20,000005.SZ,-0.0792118672675027,13.68689885775825
2021-10-21,000002.SZ,0.8674518496540674,13.355910723586575
2021-10-21,000006.SZ,0.5128024652984837,9.989459168892083
2021-10-21,000004.SZ,0.44130239866459936,10.53107942704959
2021-10-22,000002.SZ,0.4091064932797948,13.651980150695323
2021-10-22,000004.SZ,-0.05211666031357347,10.62577949398358
2021-10-22,000006.SZ,-0.1503835348887564,9.792403526460863
2021-10-25,000006.SZ,0.7100129543923807,9.681084118743566
2021-10-25,000002.SZ,0.47687944122131654,13.575900959451825
2021-10-25,000005.SZ,0.1127614413749543,14.601714344387208
2021-10-26,000002.SZ,0.870249072485254,13.73108045873301
2021-10-26,000004.SZ,0.26778461577490364,10.350292971927036
2021-10-26,000005.SZ,-0.15259466472925912,14.6374801059876
2021-10-27,000006.SZ,0.31455562116291735,9.965100129065824
2021-10-27,000005.SZ,0.29703322686253375,14.752404141166993
2021-10-27,000001.SZ,-0.034540575751825786,12.245951560710324
2021-10-28,000005.SZ,0.4324278624378338,14.522043765150304
2021-10-28,000004.SZ,0.048342456935160136,10.483651525601424
2021-10-28,000002.SZ,0.006071131683408712,13.48272887741331
2021-10-29,000004.SZ,0.8432109606240733,10.775593491456224
2021-10-29,000001.SZ,0.3076858045328463,13.579841476953403
2021-10-29,000002.SZ,0.08932050583681125,13.448054087911459
2021-11-01,000001.SZ,0.3386848669243955,13.540714047113893
2021-11-01,000002.SZ,0.11880269557536412,13.514985422971808
2021-11-01,000004.SZ,0.06418054029379648,11.004381131027339
2021-11-02,000005.SZ,0.2399489869960156,14.785352615688637
2021-11-02,000002.SZ,0.10763436223313154,13.430684588125807
2021-11-02,000001.SZ,0.10183692368459793,13.230607349681101
2021-11-03,000004.SZ,0.6486798306267978,10.60518045029421
2021-11-03,000006.SZ,0.2578064163698851,9.849652072479085
2021-11-03,000001.SZ,0.1842967518081985,12.723019634978922
2021-11-04,000002.SZ,0.6839180910878705,13.627280874355115
2021-11-04,000001.SZ,0.6802368067494392,12.789809013602657
2021-11-04,000004.SZ,0.4624604811801878,10.288274619061372
2021-11-05,000002.SZ,0.6066011143926691,13.52511265024243
2021-11-05,000004.SZ,0.5833635565143244,10.544683067480644
2021-11-05,000006.SZ,0.3720015777826581,9.718643987788152
2021-11-08,000001.SZ,0.5851358864775336,12.130903540027882
2021-11-08,000006.SZ,0.31004603626558924,9.530474119313029
2021-11-08,000004.SZ,0.2200695122077752,10.457244719204315
2021-11-09,000004.SZ,0.5503692841196061,10.4497543425225
2021-11-09,000005.SZ,0.3546004706256324,13.884676815315613
2021-11-09,000001.SZ,0.04630371969201278,11.943175199256766
2021-11-10,000004.SZ,-0.14749745139384787,10.557588606917239
2021-11-10,000006.SZ,-0.30288048960272673,9.40112534672669
2021-11-10,000005.SZ,-0.32199419773914834,13.931082355964877
2021-11-11,000004.SZ,0.2921980858155816,11.186863796995874
2021-11-11,000005.SZ,0.2617989015536845,14.172799949926965
2021-11-11,000002.SZ,0.017488636721773615,13.623350893841621
2021-11-12,000002.SZ,0.36499492560960684,13.811631132484461
2021-11-12,000004.SZ,-0.03287270930134378,11.252546653790798
2021-11-12,000001.SZ,-0.15416254950593833,12.39578118921687
2021-11-15,000004.SZ,0.7312546894311613,11.199792394680077
2021-11-15,000005.SZ,0.5402573482994454,14.445877886185992
2021-11-15,000002.SZ,0.11817517820645587,13.690968856520431
2021-11-16,000004.SZ,1.01599718944066,10.91681283821126
2021-11-16,000005.SZ,0.39138610374287797,13.816641764681282
2021-11-16,000002.SZ,0.25603629771819963,13.769022998695641
2021-11-17,000001.SZ,0.7554631512504105,12.885136332134708
2021-11-17,000002.SZ,0.3641383370618804,13.855554151152841
2021-11-17,000004.SZ,-0.03067215660476791,11.256645113159781
2021-11-18,000002.SZ,0.5987966251709319,13.804272334614376
2021-11-18,000004.SZ,0.5616106292627341,11.21709930347339
2021-11-18,000001.SZ,0.2110073958305142,12.619159543846486
2021-11-19,000001.SZ,0.6719831565363414,13.102369943268808
2021-11-19,000004.SZ,0.04235189683189458,11.61421245788786
2021-11-19,000005.SZ,-0.11122694147919898,13.082965264778013
2021-11-22,000004.SZ,0.9902101848920075,11.887995403304497
2021-11-22,000001.SZ,0.10287183931272265,13.279874838954388
2021-11-22,000002.SZ,0.03824090852766679,13.44480862826343
2021-11-23,000004.SZ,-0.08470382690850861,11.777003028341703
2021-11-23,000001.SZ,-0.09607230738775882,12.949785541055892
2021-11-23,000002.SZ,-0.45053253769520873,13.22386143504458
2021-11-24,000001.SZ,0.07186030747648409,12.892735566916706
2021-11-24,000004.SZ,-0.08025212690070888,11.443326391794407
2021-11-24,000002.SZ,-0.08966528306006806,13.027263804389166
2021-11-25,000004.SZ,0.07173214570876082,11.511544893746034
2021-11-25,000001.SZ,0.03479956622468551,12.622167136275277
2021-11-25,000006.SZ,-0.18059037015644466,9.198363277526807
2021-11-26,000001.SZ,-0.07390735457522629,12.204631880779155
2021-11-26,000004.SZ,-0.14216063626508538,11.368022419092924
2021-11-26,000002.SZ,-0.14843600219789327,12.854606697759374
2021-11-29,000002.SZ,0.3468587268790201,13.03038048372477
2021-11-29,000004.SZ,-0.11947446799039974,11.380359997458465
2021-11-29,000006.SZ,-0.29139845469543846,9.440872174190385
2021-11-30,000004.SZ,0.26163746567907586,11.634911000474382
2021-11-30,000001.SZ,-0.1962841440050342,13.08945246781455
2021-11-30,000006.SZ,-0.19755534822538223,9.42710021972052
