date,equity,cash,position_value,returns
2020-01-01,100000.0,100000.0,0.0,
2020-01-02,100000.0,100000.0,0.0,0.0
2020-01-03,100000.0,100000.0,0.0,0.0
2020-01-06,100000.0,100000.0,0.0,0.0
2020-01-07,100000.0,100000.0,0.0,0.0
2020-01-08,100000.0,100000.0,0.0,0.0
2020-01-09,100000.0,100000.0,0.0,0.0
2020-01-10,100000.0,100000.0,0.0,0.0
2020-01-13,100000.0,100000.0,0.0,0.0
2020-01-14,100000.0,100000.0,0.0,0.0
2020-01-15,100000.0,100000.0,0.0,0.0
2020-01-16,100000.0,100000.0,0.0,0.0
2020-01-17,100000.0,100000.0,0.0,0.0
2020-01-20,100000.0,100000.0,0.0,0.0
2020-01-21,100000.0,100000.0,0.0,0.0
2020-01-22,100000.0,100000.0,0.0,0.0
2020-01-23,100000.0,100000.0,0.0,0.0
2020-01-24,100000.0,100000.0,0.0,0.0
2020-01-27,100000.0,100000.0,0.0,0.0
2020-01-28,100000.0,100000.0,0.0,0.0
2020-01-29,99970.4686237438,1532.5477697269016,98437.9208540169,-0.0002953137625619773
2020-01-30,101906.93686092601,1532.5477697269016,100374.38909119912,0.019370402718331237
2020-01-31,101063.93691574698,1532.5477697269016,99531.38914602007,-0.008272252813657732
2020-02-03,102032.23112110846,1532.5477697269016,100499.68335138155,0.00958100619183977
2020-02-04,101286.7087533783,1532.5477697269016,99754.1609836514,-0.007306733955912859
2020-02-05,101342.41809921115,1532.5477697269016,99809.87032948424,0.0005500163498104449
2020-02-06,100628.22954239932,1532.5477697269016,99095.68177267243,-0.007047281584623977
2020-02-07,100409.13068592048,1532.5477697269016,98876.58291619358,-0.0021773100597634043
2020-02-10,100906.0940328599,1532.5477697269016,99373.54626313299,0.004949384020601855
2020-02-11,101170.01356038704,1532.5477697269016,99637.46579066015,0.0026154964182956153
2020-02-12,102690.74706571526,1532.5477697269016,101158.19929598835,0.015031464875909117
2020-02-13,103313.69437948705,1532.5477697269016,101781.14660976015,0.006066245806675585
2020-02-14,102714.24968461005,1532.5477697269016,101181.70191488315,-0.005802180422230796
2020-02-17,104415.59042605574,1532.5477697269016,102883.04265632885,0.016563823877113082
2020-02-18,105240.8568605776,1532.5477697269016,103708.30909085069,0.007903670621929537
2020-02-19,107003.06261259076,1532.5477697269016,105470.51484286386,0.0167445021314081
2020-02-20,107209.43620318625,1532.5477697269016,105676.88843345935,0.0019286699423051168
2020-02-21,110030.13856386906,1532.5477697269016,108497.59079414216,0.026310206084256604
2020-02-24,110824.47751082832,1532.5477697269016,109291.92974110141,0.007219285164293154
2020-02-25,113177.69000578858,1532.5477697269016,111645.14223606169,0.021233689053308025
2020-02-26,112984.03147489717,3023.773543168274,109960.25793172889,-0.0017111016392143963
2020-02-27,112410.03049862629,3023.773543168274,109386.25695545803,-0.005080372586974025
2020-02-28,114459.95615815837,3023.773543168274,111436.1826149901,0.018236145390576386
2020-03-02,116417.63030477503,3023.773543168274,113393.85676160676,0.01710357239619742
2020-03-03,116477.23769065764,3023.773543168274,113453.46414748937,0.0005120133928733228
2020-03-04,118299.84029164782,3023.773543168274,115276.06674847954,0.015647714842196736
2020-03-05,117224.98577340221,3023.773543168274,114201.21223023393,-0.009085849275837998
2020-03-06,115475.4354938555,3023.773543168274,112451.66195068724,-0.014924721619745895
2020-03-09,114509.1343877383,3023.773543168274,111485.36084457004,-0.008368023051695817
2020-03-10,114868.1178236802,3023.773543168274,111844.34428051193,0.0031349764179191553
2020-03-11,115819.89079143386,3023.773543168274,112796.1172482656,0.008285788831454699
2020-03-12,116164.54744162897,3023.773543168274,113140.7738984607,0.002975798438765276
2020-03-13,116491.11027834567,3023.773543168274,113467.3367351774,0.0028112091331549127
2020-03-16,116210.78177676257,3023.773543168274,113187.0082335943,-0.0024064368595447805
2020-03-17,115162.1003019262,3023.773543168274,112138.32675875793,-0.00902396024536567
2020-03-18,115162.971776672,3023.773543168274,112139.19823350373,7.567374540107252e-06
2020-03-19,116208.4978555582,3023.773543168274,113184.72431238994,0.009078665327547641
2020-03-20,115367.04356639305,3023.773543168274,112343.27002322479,-0.007240901523493104
2020-03-23,116222.26514362695,3023.773543168274,113198.49160045868,0.00741304926256281
2020-03-24,115720.03708545354,3023.773543168274,112696.26354228526,-0.0043212723272323394
2020-03-25,116311.82773210703,1666.314399564857,114645.51333254218,0.005113985974757984
2020-03-26,113744.13183530736,1666.314399564857,112077.8174357425,-0.022075965504674833
2020-03-27,113082.92136268325,1666.314399564857,111416.6069631184,-0.005813139209515317
2020-03-30,114623.46901490662,1666.314399564857,112957.15461534176,0.013623168146518427
2020-03-31,113472.96201488718,1666.314399564857,111806.64761532232,-0.01003727255776754
2020-04-01,114644.37033014685,1666.314399564857,112978.05593058199,0.010323237310981614
2020-04-02,115829.54986461464,1666.314399564857,114163.23546504979,0.010337878179755178
2020-04-03,114090.61759752971,1666.314399564857,112424.30319796485,-0.015012855261178681
2020-04-06,115359.44429953584,1666.314399564857,113693.12989997098,0.011121218630633534
2020-04-07,118051.72679481487,1666.314399564857,116385.41239525001,0.023338206174852827
2020-04-08,117810.76403384365,1666.314399564857,116144.44963427879,-0.00204116252691533
2020-04-09,118601.75122618016,1666.314399564857,116935.4368266153,0.006714048574621545
2020-04-10,115985.91523076521,1666.314399564857,114319.60083120035,-0.022055627074396233
2020-04-13,117824.2129675605,1666.314399564857,116157.89856799564,0.015849318713723193
2020-04-14,118075.10699160771,1666.314399564857,116408.79259204285,0.0021293927430374726
2020-04-15,119883.85939337786,1666.314399564857,118217.544993813,0.015318659858582384
2020-04-16,120359.98911803057,1666.314399564857,118693.67471846571,0.003971591564218668
2020-04-17,118920.95676082598,1666.314399564857,117254.64236126113,-0.011956069186691343
2020-04-20,119214.17375268308,1666.314399564857,117547.85935311823,0.002465646088324114
2020-04-21,118820.40282079116,1666.314399564857,117154.0884212263,-0.0033030546578196596
2020-04-22,119670.67665257206,1568.3149072578963,118102.36174531416,0.007155958165394383
2020-04-23,118423.31966480835,1568.3149072578963,116855.00475755046,-0.010423246718868628
2020-04-24,117649.7276239906,1568.3149072578963,116081.41271673271,-0.0065324299555811205
2020-04-27,115130.44310572905,1568.3149072578963,113562.12819847115,-0.02141343264570239
2020-04-28,114709.78283497386,1568.3149072578963,113141.46792771596,-0.0036537709697589404
2020-04-29,115562.55531787265,1568.3149072578963,113994.24041061476,0.007434173980833236
2020-04-30,113788.77863906717,1568.3149072578963,112220.46373180927,-0.015349060722363195
2020-05-01,114955.7334488133,1568.3149072578963,113387.41854155541,0.0102554471864722
2020-05-04,113424.86625115601,1568.3149072578963,111856.55134389811,-0.013317014747584954
2020-05-05,115553.41128817851,1568.3149072578963,113985.09638092062,0.018766123402863766
2020-05-06,114797.58152203572,1568.3149072578963,113229.26661477782,-0.006540955889721256
2020-05-07,115302.21905078896,1568.3149072578963,113733.90414353106,0.004395889896481542
2020-05-08,114553.15424871496,1568.3149072578963,112984.83934145706,-0.006496534136468335
2020-05-11,112172.93077619321,1568.3149072578963,110604.61586893532,-0.020778332016540224
2020-05-12,112965.97373023759,1568.3149072578963,111397.65882297969,0.007069824676567027
2020-05-13,112741.50625271878,1568.3149072578963,111173.19134546089,-0.001987036185381208
2020-05-14,112265.00439621367,1568.3149072578963,110696.68948895577,-0.004226498938527556
2020-05-15,112218.63806061792,1568.3149072578963,110650.32315336002,-0.000413007916804764
2020-05-18,109744.46397487272,1568.3149072578963,108176.14906761482,-0.022047799977831684
2020-05-19,108158.32354684272,1568.3149072578963,106590.00863958482,-0.01445303362539696
2020-05-20,106865.17953454886,1130.164415292078,105735.01511925679,-0.011956028624406367
2020-05-21,107192.31103813507,1130.164415292078,106062.14662284299,0.003061160847817934
2020-05-22,106977.41980525717,1130.164415292078,105847.2553899651,-0.002004726186017658
2020-05-25,108095.15653325387,1130.164415292078,106964.9921179618,0.010448342557068946
2020-05-26,110475.02392207114,1130.164415292078,109344.85950677906,0.022016410958109134
2020-05-27,110204.85359835146,1130.164415292078,109074.68918305938,-0.002445533063747063
2020-05-28,110620.55501310276,1130.164415292078,109490.39059781068,0.0037720790072126587
2020-05-29,110192.04233786541,1130.164415292078,109061.87792257333,-0.0038737165546366414
2020-06-01,107886.75211048777,1130.164415292078,106756.58769519569,-0.02092065977241142
2020-06-02,108404.6393369544,1130.164415292078,107274.47492166232,0.004800285635962576
2020-06-03,106413.90899416682,1130.164415292078,105283.74457887474,-0.018363885115652456
2020-06-04,107950.89749456747,1130.164415292078,106820.7330792754,0.014443492537097757
2020-06-05,107715.4440553634,1130.164415292078,106585.27964007133,-0.0021811160876723523
2020-06-08,106911.16015061569,1130.164415292078,105780.99573532361,-0.007466746405783153
2020-06-09,108067.64606160585,1130.164415292078,106937.48164631377,0.010817260886149871
2020-06-10,108482.08664530168,1130.164415292078,107351.9222300096,0.0038350107437297165
2020-06-11,110436.02596604225,1130.164415292078,109305.86155075017,0.018011631055081523
2020-06-12,111218.3383454916,1130.164415292078,110088.17393019953,0.00708385123972044
2020-06-15,111335.26828946151,1130.164415292078,110205.10387416944,0.0010513548908335224
2020-06-16,109951.39135075512,1130.164415292078,108821.22693546304,-0.012429816355302936
2020-06-17,111315.53515695043,950.8622121467633,110364.67294480366,0.012406789849921607
2020-06-18,111134.60547653552,950.8622121467633,110183.74326438876,-0.0016253767289516885
2020-06-19,112466.64692281061,950.8622121467633,111515.78471066385,0.011985838619423816
2020-06-22,114389.7883289478,950.8622121467633,113438.92611680104,0.01709965984366102
2020-06-23,113584.00263613161,950.8622121467633,112633.14042398485,-0.0070442100172352085
2020-06-24,113348.73919259718,950.8622121467633,112397.87698045041,-0.002071272697512727
2020-06-25,111562.99599952516,950.8622121467633,110612.13378737839,-0.015754416024317375
2020-06-26,108957.25673143257,950.8622121467633,108006.39451928581,-0.02335666270654546
2020-06-29,106217.01219136192,950.8622121467633,105266.14997921516,-0.025149720379112006
2020-06-30,104819.49377497354,950.8622121467633,103868.63156282678,-0.013157199468862846
2020-07-01,103307.10157220457,950.8622121467633,102356.2393600578,-0.01442853946629219
2020-07-02,104152.15861557152,950.8622121467633,103201.29640342476,0.008180047939650326
2020-07-03,102857.74697835081,950.8622121467633,101906.88476620405,-0.012428082666998908
2020-07-06,105303.2721574905,950.8622121467633,104352.40994534374,0.02377579959683951
2020-07-07,104982.33010740559,950.8622121467633,104031.46789525883,-0.0030477880080014286
2020-07-08,105277.31684474758,950.8622121467633,104326.45463260081,0.002809870356660804
2020-07-09,105759.87793603879,950.8622121467633,104809.01572389202,0.004583713811806556
2020-07-10,104701.87857999049,950.8622121467633,103751.01636784372,-0.010003787605429637
2020-07-13,104720.6866395115,950.8622121467633,103769.82442736474,0.00017963440366219885
2020-07-14,105543.65752840693,950.8622121467633,104592.79531626016,0.007858723193139516
2020-07-15,104502.52530165392,1347.4556444512564,103155.06965720266,-0.009864469842470469
2020-07-16,105200.68282914568,1347.4556444512564,103853.22718469442,0.006680771832799914
2020-07-17,103839.9057585148,1347.4556444512564,102492.45011406354,-0.012935059298435303
2020-07-20,104425.3945272014,1347.4556444512564,103077.93888275014,0.005638379237825841
2020-07-21,104954.00444087357,1347.4556444512564,103606.54879642231,0.005062082035366178
2020-07-22,104529.68707137373,1347.4556444512564,103182.23142692247,-0.004042888804103528
2020-07-23,104178.20351093845,1347.4556444512564,102830.74786648719,-0.003362523798576822
2020-07-24,106100.14218648306,1347.4556444512564,104752.6865420318,0.018448568037966018
2020-07-27,106158.2219320364,1347.4556444512564,104810.76628758514,0.0005474049737959064
2020-07-28,106552.36210359161,1347.4556444512564,105204.90645914036,0.0037127616154644105
2020-07-29,104850.75436046266,1347.4556444512564,103503.2987160114,-0.015969685791429322
2020-07-30,104569.21736572534,1347.4556444512564,103221.76172127409,-0.0026851213084211345
2020-07-31,104602.74838298181,1347.4556444512564,103255.29273853055,0.0003206585848223309
2020-08-03,103113.77525181268,1347.4556444512564,101766.31960736142,-0.014234550756903164
2020-08-04,104057.32011299655,1347.4556444512564,102709.86446854529,0.009150521924734534
2020-08-05,104228.49099806012,1347.4556444512564,102881.03535360887,0.001644967263020991
2020-08-06,103727.375469966,1347.4556444512564,102379.91982551475,-0.0048078555421419145
2020-08-07,104769.37198418248,1347.4556444512564,103421.91633973122,0.010045530502390765
2020-08-10,103892.42094342045,1347.4556444512564,102544.9652989692,-0.008370299679704374
2020-08-11,104743.53796475084,1347.4556444512564,103396.08232029958,0.008192291734099744
2020-08-12,106658.52071704078,1639.4195599586237,105019.10115708216,0.018282586109840793
2020-08-13,106119.27940990441,1639.4195599586237,104479.85984994579,-0.005055773355107207
2020-08-14,105741.43021333744,1639.4195599586237,104102.01065337882,-0.003560608389616582
2020-08-17,105237.78492341377,1639.4195599586237,103598.36536345514,-0.004762989198344947
2020-08-18,106568.25135459032,1639.4195599586237,104928.8317946317,0.012642478479994557
2020-08-19,106896.00511318014,1639.4195599586237,105256.58555322152,0.003075529103872432
2020-08-20,106990.64310852252,1639.4195599586237,105351.2235485639,0.0008853277093205936
2020-08-21,106491.87184836195,1639.4195599586237,104852.45228840332,-0.004661821311370717
2020-08-24,106997.5191881122,1639.4195599586237,105358.09962815358,0.004748224732778361
2020-08-25,108427.5536502936,1639.4195599586237,106788.13409033498,0.013365117930138615
2020-08-26,108881.92941569726,1639.4195599586237,107242.50985573864,0.004190593166651491
2020-08-27,108469.01084701574,1639.4195599586237,106829.59128705712,-0.0037923516867987006
2020-08-28,108425.78068338317,1639.4195599586237,106786.36112342455,-0.0003985485190193261
2020-08-31,110251.05115696584,1639.4195599586237,108611.63159700722,0.016834284817488943
2020-09-01,110783.36386443544,1639.4195599586237,109143.94430447681,0.004828187140925699
2020-09-02,110612.65290480712,1639.4195599586237,108973.2333448485,-0.00154094399802851
2020-09-03,111385.43195839188,1639.4195599586237,109746.01239843326,0.006986353127700573
2020-09-04,111491.11664443498,1639.4195599586237,109851.69708447636,0.0009488196453066866
2020-09-07,110311.86230805045,1639.4195599586237,108672.44274809182,-0.010577114768214102
2020-09-08,110403.92341805829,1639.4195599586237,108764.50385809966,0.0008345531303854958
2020-09-09,108583.22598925454,1542.1645356072186,107041.06145364733,-0.016491238467218672
2020-09-10,109714.74578592327,1542.1645356072186,108172.58125031604,0.010420760539760598
2020-09-11,108941.22001200629,1542.1645356072186,107399.05547639908,-0.007050335562243326
2020-09-14,108733.3047518091,1542.1645356072186,107191.14021620188,-0.0019085086450681965
2020-09-15,109301.89547731532,1542.1645356072186,107759.73094170811,0.005229223252287474
2020-09-16,109407.61533383859,1542.1645356072186,107865.45079823138,0.000967228025292588
2020-09-17,108536.60878800432,1542.1645356072186,106994.4442523971,-0.007961114435924288
2020-09-18,106264.12029739365,1542.1645356072186,104721.95576178643,-0.02093752988956321
2020-09-21,105496.581948531,1542.1645356072186,103954.41741292378,-0.007222930437052355
2020-09-22,107616.71944577209,1542.1645356072186,106074.55491016486,0.020096741127361373
2020-09-23,106658.464128569,1542.1645356072186,105116.29959296179,-0.008904334959643045
2020-09-24,105369.83132987734,1542.1645356072186,103827.66679427013,-0.012081861568326246
2020-09-25,105069.69354369945,1542.1645356072186,103527.52900809223,-0.0028484223841857004
2020-09-28,105086.93528768301,1542.1645356072186,103544.7707520758,0.0001640981657224927
2020-09-29,102461.41054798244,1542.1645356072186,100919.24601237522,-0.024984311632202494
2020-09-30,103806.4041766208,1542.1645356072186,102264.23964101358,0.013126831081527124
2020-10-01,104857.9201731016,1542.1645356072186,103315.75563749437,0.010129586944286118
2020-10-02,105191.38576857277,1542.1645356072186,103649.22123296556,0.003180166027713316
2020-10-05,104531.19350447197,1542.1645356072186,102989.02896886476,-0.006276105778787455
2020-10-06,103684.0532914497,1542.1645356072186,102141.88875584249,-0.008104185790110852
2020-10-07,105222.36324577098,2387.60660438014,102834.75664139084,0.014836514444484195
2020-10-08,105348.226952874,2387.60660438014,102960.62034849386,0.0011961687916952624
2020-10-09,106335.5909208515,2387.60660438014,103947.98431647135,0.00937238334745949
2020-10-12,105770.57877191469,2387.60660438014,103382.97216753455,-0.005313481065406966
2020-10-13,104340.88119518022,2387.60660438014,101953.27459080008,-0.01351696845507
2020-10-14,104813.90402808749,2387.60660438014,102426.29742370735,0.0045334372059062655
2020-10-15,106127.12856189992,2387.60660438014,103739.52195751978,0.012529106190534822
2020-10-16,107406.32212595658,2387.60660438014,105018.71552157644,0.012053407845766362
2020-10-19,107362.20859596894,2387.60660438014,104974.6019915888,-0.00041071632576616945
2020-10-20,105254.68556359128,2387.60660438014,102867.07895921114,-0.019630026803088674
2020-10-21,103736.98045247073,2387.60660438014,101349.37384809059,-0.014419359128706954
2020-10-22,102586.75738709819,2387.60660438014,100199.15078271805,-0.011087878790722483
2020-10-23,102306.5719324375,2387.60660438014,99918.96532805735,-0.00273120490204648
2020-10-26,101927.08608820685,2387.60660438014,99539.47948382671,-0.0037093007522649435
2020-10-27,103981.63320390538,2387.60660438014,101594.02659952524,0.020157027876972267
2020-10-28,102869.66671530009,2387.60660438014,100482.06011091995,-0.01069387404624389
2020-10-29,102960.8303126688,2387.60660438014,100573.22370828866,0.0008862048481308449
2020-10-30,102748.75596195091,2387.60660438014,100361.14935757077,-0.0020597575803716905
2020-11-02,102883.35024918515,2387.60660438014,100495.74364480501,0.0013099359303589964
2020-11-03,105444.69174098915,2387.60660438014,103057.085136609,0.024895587921664575
2020-11-04,102237.44250223992,2413.708146516343,99823.73435572359,-0.030416412488808886
2020-11-05,101745.62402401702,2413.708146516343,99331.91587750067,-0.0048105514592868825
2020-11-06,102434.3204620986,2413.708146516343,100020.61231558226,0.0067688064689546135
2020-11-09,104612.54613655267,2413.708146516343,102198.83799003632,0.02126460803984176
2020-11-10,105004.60845052972,2413.708146516343,102590.90030401337,0.0037477561579017937
2020-11-11,103851.36680667949,2413.708146516343,101437.65866016314,-0.010982771717048423
2020-11-12,103101.56872242954,2413.708146516343,100687.86057591319,-0.007219915416671552
2020-11-13,104018.6784419658,2413.708146516343,101604.97029544947,0.008895206260200794
2020-11-16,102049.07971995237,2413.708146516343,99635.37157343602,-0.01893504850777661
2020-11-17,102091.08987159282,2413.708146516343,99677.38172507647,0.0004116661488349216
2020-11-18,101921.28754891266,2413.708146516343,99507.57940239631,-0.0016632433143159986
2020-11-19,99812.98360231545,2413.708146516343,97399.27545579911,-0.020685609427622542
2020-11-20,101292.38692970813,2413.708146516343,98878.67878319178,0.014821752381303899
2020-11-23,101641.05170852362,2413.708146516343,99227.34356200727,0.003442161739731331
2020-11-24,98710.21982135388,2413.708146516343,96296.51167483754,-0.028835119648058072
2020-11-25,98901.39919575973,2413.708146516343,96487.69104924338,0.0019367738695330594
2020-11-26,100688.98653614364,2413.708146516343,98275.2783896273,0.018074439339787807
2020-11-27,99964.9006385073,2413.708146516343,97551.19249199097,-0.0071913118062462145
2020-11-30,99973.99014976274,2413.708146516343,97560.2820032464,9.092702736035463e-05
2020-12-01,100109.19265054376,2413.708146516343,97695.48450402741,0.001352376758979812
2020-12-02,99463.64190945485,1320.8482776027085,98142.79363185214,-0.0064484661597697945
2020-12-03,99907.8275570089,1320.8482776027085,98586.9792794062,0.004465809204517335
2020-12-04,99355.55465411038,1320.8482776027085,98034.70637650767,-0.005527824159557326
2020-12-07,98747.45871231658,1320.8482776027085,97426.61043471388,-0.0061204020641904
2020-12-08,100163.99856335537,1320.8482776027085,98843.15028575266,0.01434507651650696
2020-12-09,99569.62246728424,1320.8482776027085,98248.77418968153,-0.005934029238011895
2020-12-10,101434.35269342309,1320.8482776027085,100113.50441582038,0.01872790294802562
2020-12-11,101023.59188535956,1320.8482776027085,99702.74360775686,-0.004049523629386376
2020-12-14,99641.98964669925,1320.8482776027085,98321.14136909654,-0.01367603559600361
2020-12-15,100211.60268400992,1320.8482776027085,98890.75440640721,0.005716596380003436
2020-12-16,102818.80479733871,1320.8482776027085,101497.956519736,0.02601696852958124
2020-12-17,104176.09615122179,1320.8482776027085,102855.24787361908,0.013200808515119178
2020-12-18,102809.29127012914,1320.8482776027085,101488.44299252643,-0.013120139183451451
2020-12-21,102631.93640386447,1320.8482776027085,101311.08812626176,-0.001725085973004803
2020-12-22,102578.69927704832,1320.8482776027085,101257.85099944561,-0.0005187189161730554
2020-12-23,102733.45051870203,1320.8482776027085,101412.60224109932,0.00150860990385282
2020-12-24,103787.54879895883,1320.8482776027085,102466.70052135612,0.010260516656791507
2020-12-25,103387.14087588446,1320.8482776027085,102066.29259828175,-0.003857957218451835
2020-12-28,102062.39872505843,1320.8482776027085,100741.55044745572,-0.012813413153734188
2020-12-29,101772.71643605018,1320.8482776027085,100451.86815844747,-0.0028382861134649273
2020-12-30,98281.34431650929,1788.6657844061738,96492.67853210312,-0.03430558053085597
2020-12-31,97119.1536679633,1788.6657844061738,95330.48788355713,-0.01182513992485923
2021-01-01,99092.31989283634,1788.6657844061738,97303.65410843017,0.0203169627241504
2021-01-04,97944.16228556754,1788.6657844061738,96155.49650116137,-0.011586746667254122
2021-01-05,98076.11829522763,1788.6657844061738,96287.45251082146,0.0013472575249084962
2021-01-06,95984.44830713193,1788.6657844061738,94195.78252272576,-0.02132700625242301
2021-01-07,96270.90923328839,1788.6657844061738,94482.24344888222,0.002984451452383574
2021-01-08,96886.16215550208,1788.6657844061738,95097.49637109591,0.0063908498124056745
2021-01-11,98641.60619296522,1788.6657844061738,96852.94040855905,0.01811862497603789
2021-01-12,98521.32608860263,1788.6657844061738,96732.66030419646,-0.001219364819823543
2021-01-13,99664.24949553875,1788.6657844061738,97875.58371113258,0.011600771653319741
2021-01-14,99486.77541434424,1788.6657844061738,97698.10962993807,-0.0017807195869412595
2021-01-15,97115.12945469392,1788.6657844061738,95326.46367028775,-0.023838806210904506
2021-01-18,98373.90355588745,1788.6657844061738,96585.23777148128,0.012961668364770862
2021-01-19,97585.09183178053,1788.6657844061738,95796.42604737436,-0.008018505880055704
2021-01-20,96507.7055169115,1788.6657844061738,94719.03973250533,-0.01104048061691898
2021-01-21,96092.51803249058,1788.6657844061738,94303.85224808441,-0.0043021174547369645
2021-01-22,96282.29204401503,1788.6657844061738,94493.62625960886,0.0019749093416439045
2021-01-25,95679.34989329462,1788.6657844061738,93890.68410888845,-0.006262233043276333
2021-01-26,97241.88982829872,1788.6657844061738,95453.22404389255,0.016331004932064186
2021-01-27,99457.78373380477,2074.7926980185402,97382.99103578622,0.02278744180536485
2021-01-28,98490.23759239948,2074.7926980185402,96415.44489438094,-0.009728209347544703
2021-01-29,98794.28014796696,2074.7926980185402,96719.48744994841,0.0030870324105192193
2021-02-01,99327.6948865018,2074.7926980185402,97252.90218848326,0.005399247180463584
2021-02-02,99986.56069961836,2074.7926980185402,97911.76800159982,0.006633253835895525
2021-02-03,100346.77328835406,2074.7926980185402,98271.98059033552,0.0036026100529436
2021-02-04,102464.46998277749,2074.7926980185402,100389.67728475895,0.021103784656214764
2021-02-05,101285.81996503135,2074.7926980185402,99211.0272670128,-0.011503011902020743
2021-02-08,102881.43504702186,2074.7926980185402,100806.64234900332,0.015753588039682187
2021-02-09,102954.79393008066,2074.7926980185402,100880.00123206212,0.0007130429608146471
2021-02-10,102942.95525085548,2074.7926980185402,100868.16255283693,-0.00011498910126739315
2021-02-11,101518.78064384995,2074.7926980185402,99443.98794583141,-0.013834599983408635
2021-02-12,100567.33625032345,2074.7926980185402,98492.54355230491,-0.00937210226021501
2021-02-15,101163.04663809827,2074.7926980185402,99088.25394007972,0.005923497727851057
2021-02-16,101267.46470112617,2074.7926980185402,99192.67200310763,0.0010321759426783483
2021-02-17,101760.07551890411,2074.7926980185402,99685.28282088556,0.004864452953688536
2021-02-18,101514.6321799607,2074.7926980185402,99439.83948194215,-0.002411980707481054
2021-02-19,101344.91888123787,2074.7926980185402,99270.12618321933,-0.0016718111968525573
2021-02-22,101120.12443233022,2074.7926980185402,99045.33173431168,-0.0022181126729310385
2021-02-23,100783.68396259836,2074.7926980185402,98708.89126457981,-0.0033271366270619662
2021-02-24,102625.74231029506,1193.5223220902262,101432.21998820483,0.01827734684098581
2021-02-25,103187.56726755161,1193.5223220902262,101994.04494546138,0.005474503225105565
2021-02-26,103673.01951932829,1193.5223220902262,102479.49719723806,0.004704561456691403
2021-03-01,102149.0536182559,1193.5223220902262,100955.53129616567,-0.014699734879316972
2021-03-02,102122.71410641343,1193.5223220902262,100929.19178432321,-0.0002578537040676121
2021-03-03,103285.21162971908,1193.5223220902262,102091.68930762885,0.011383339480130816
2021-03-04,102821.30436664741,1193.5223220902262,101627.78204455719,-0.004491516798501571
2021-03-05,103702.87914837919,1193.5223220902262,102509.35682628896,0.008573853319232327
2021-03-08,103284.07636017975,1193.5223220902262,102090.55403808953,-0.00403848756793157
2021-03-09,102142.55984520106,1193.5223220902262,100949.03752311083,-0.011052202384014276
2021-03-10,100313.07404363129,1193.5223220902262,99119.55172154107,-0.017911101937746476
2021-03-11,99103.81827986489,1193.5223220902262,97910.29595777467,-0.012054817134209528
2021-03-12,98162.41492200369,1193.5223220902262,96968.89259991347,-0.009499163344067307
2021-03-15,100068.1113954214,1193.5223220902262,98874.58907333117,0.019413708138006802
2021-03-16,102982.99197797659,1193.5223220902262,101789.46965588637,0.02912896568055512
2021-03-17,102755.05664984978,1193.5223220902262,101561.53432775955,-0.002213329829993227
2021-03-18,101250.81777379902,1193.5223220902262,100057.2954517088,-0.014639073979362704
2021-03-19,101152.70317337124,1193.5223220902262,99959.18085128101,-0.0009690252640426333
2021-03-22,101266.3350576327,1193.5223220902262,100072.81273554248,0.0011233697241557206
2021-03-23,100687.49553615783,1193.5223220902262,99493.9732140676,-0.0057160113590113415
2021-03-24,100925.21085544926,1542.6710393673347,99382.53981608193,0.002360921959828177
2021-03-25,102103.62318236215,1542.6710393673347,100560.9521429948,0.011676094772798518
2021-03-26,101074.81876114296,1542.6710393673347,99532.14772177562,-0.010076081427411232
2021-03-29,100471.36758948458,1542.6710393673347,98928.69655011724,-0.005970341367461995
2021-03-30,100838.41484296895,1542.6710393673347,99295.74380360161,0.00365325228759783
2021-03-31,101810.29251979696,1542.6710393673347,100267.62148042963,0.00963797059227356
2021-04-01,102439.08194415542,1542.6710393673347,100896.41090478809,0.00617608896699906
2021-04-02,101431.1886882878,1542.6710393673347,99888.51764892048,-0.009838952446070026
2021-04-05,101089.21290362565,1542.6710393673347,99546.54186425832,-0.0033715052449310168
2021-04-06,101743.79898847325,1542.6710393673347,100201.12794910592,0.006475330710821403
2021-04-07,102715.86798984974,1542.6710393673347,101173.19695048241,0.009554085959446068
2021-04-08,101299.03146306015,1542.6710393673347,99756.36042369282,-0.013793745353245623
2021-04-09,100403.96511532876,1542.6710393673347,98861.29407596141,-0.008835882582527876
2021-04-12,99660.02094068358,1542.6710393673347,98117.34990131624,-0.007409509911193712
2021-04-13,99871.45367971784,1542.6710393673347,98328.78264035052,0.0021215401826988334
2021-04-14,98761.62931915565,1542.6710393673347,97218.9582797883,-0.01111252835190868
2021-04-15,100125.94614961586,1542.6710393673347,98583.27511024853,0.013814239800067796
2021-04-16,100290.10477762963,1542.6710393673347,98747.4337382623,0.0016395213661049013
2021-04-19,99809.29663887064,1542.6710393673347,98266.62559950331,-0.004794173261909229
2021-04-20,99567.09421937566,1542.6710393673347,98024.42318000834,-0.002426651901689225
2021-04-21,98746.22780844691,1321.225879195983,97425.00192925094,-0.008244354396043097
2021-04-22,99123.18674292273,1321.225879195983,97801.96086372674,0.0038174514899653733
2021-04-23,100199.84109534483,1321.225879195983,98878.61521614884,0.010861781060514275
2021-04-26,99534.89266842775,1321.225879195983,98213.66678923176,-0.006636222369697631
2021-04-27,100013.50506722706,1321.225879195983,98692.27918803107,0.0048084886211077205
2021-04-28,97676.15460560063,1321.225879195983,96354.92872640466,-0.023370348434996857
2021-04-29,97380.09357745064,1321.225879195983,96058.86769825465,-0.0030310471306476128
2021-04-30,96897.04722512042,1321.225879195983,95575.82134592443,-0.004960421936194059
2021-05-03,98017.78541793968,1321.225879195983,96696.5595387437,0.011566278074660596
2021-05-04,100897.47497058968,1321.225879195983,99576.2490913937,0.02937925541136477
2021-05-05,101672.97002092013,1321.225879195983,100351.74414172414,0.007685970838779532
2021-05-06,101147.6529707709,1321.225879195983,99826.42709157491,-0.005166732613802294
2021-05-07,102380.42173103287,1321.225879195983,101059.19585183689,0.012187813795523361
2021-05-10,102320.6559975739,1321.225879195983,100999.4301183779,-0.0005837613524974916
2021-05-11,102282.63750222104,1321.225879195983,100961.41162302507,-0.00037156227139267806
2021-05-12,103070.10885629445,1321.225879195983,101748.88297709847,0.007698973875759796
2021-05-13,104120.37439173736,1321.225879195983,102799.14851254137,0.010189816883838354
2021-05-14,104172.44922563765,1321.225879195983,102851.22334644166,0.0005001406708773359
2021-05-17,104870.14302837715,1321.225879195983,103548.91714918117,0.006697488711514099
2021-05-18,105277.25937676529,1321.225879195983,103956.03349756931,0.003882099677102291
2021-05-19,105855.60310844544,1266.318968746782,104589.28413969866,0.0054935295153379915
2021-05-20,106265.02696134191,1266.318968746782,104998.70799259513,0.003867757972877639
2021-05-21,105823.70846298996,1266.318968746782,104557.38949424318,-0.004152998507331085
2021-05-24,104604.77323981919,1266.318968746782,103338.4542710724,-0.01151854571036015
2021-05-25,105509.84640055771,1266.318968746782,104243.52743181093,0.008652312248347727
2021-05-26,104927.03712330679,1266.318968746782,103660.71815456,-0.00552374301672609
2021-05-27,104892.82134213689,1266.318968746782,103626.5023733901,-0.0003260911782888565
2021-05-28,105638.91987279395,1266.318968746782,104372.60090404717,0.007112960840508498
2021-05-31,106488.92621775478,1266.318968746782,105222.607249008,0.008046336955966238
2021-06-01,109030.56620089625,1266.318968746782,107764.24723214947,0.023867645899106726
2021-06-02,111133.19442336689,1266.318968746782,109866.87545462011,0.019284759271967822
2021-06-03,111906.02175893963,1266.318968746782,110639.70279019285,0.006954063901273511
2021-06-04,114068.36477464056,1266.318968746782,112802.04580589378,0.01932284770482595
2021-06-07,114681.82245466241,1266.318968746782,113415.50348591563,0.0053779825917013024
2021-06-08,114935.11989388037,1266.318968746782,113668.80092513359,0.0022086973662989173
2021-06-09,114513.55511671246,1266.318968746782,113247.23614796568,-0.003667849979685389
2021-06-10,115505.02365569473,1266.318968746782,114238.70468694795,0.008658088887134374
2021-06-11,114157.45550831404,1266.318968746782,112891.13653956726,-0.011666749243717911
2021-06-14,114268.96690441962,1266.318968746782,113002.64793567284,0.0009768209672249561
2021-06-15,113647.97974352141,1266.318968746782,112381.66077477463,-0.005434434017572154
2021-06-16,111898.61095553209,2351.64959913621,109546.96135639588,-0.015392871848116108
2021-06-17,112750.0295252921,2351.64959913621,110398.3799261559,0.007608839488618457
2021-06-18,112230.25510407932,2351.64959913621,109878.60550494312,-0.004609971486492559
2021-06-21,113179.62415493352,2351.64959913621,110827.97455579731,0.008459118710670177
2021-06-22,114998.24298895002,2351.64959913621,112646.59338981382,0.01606842969832578
2021-06-23,117526.18974922507,2351.64959913621,115174.54015008885,0.02198248159772276
2021-06-24,118501.91100830433,2351.64959913621,116150.26140916813,0.008302160234763267
2021-06-25,118530.29886948221,2351.64959913621,116178.64927034601,0.00023955614670123637
2021-06-28,116070.7871002701,2351.64959913621,113719.13750113388,-0.02075006806420332
2021-06-29,117304.11942990503,2351.64959913621,114952.46983076881,0.010625691101495471
2021-06-30,116111.84331881316,2351.64959913621,113760.19371967694,-0.010163974776728146
2021-07-01,117249.11878952489,2351.64959913621,114897.46919038869,0.009794655206610159
2021-07-02,118258.26843523004,2351.64959913621,115906.61883609384,0.008606884692384575
2021-07-05,116309.5398148447,2351.64959913621,113957.8902157085,-0.016478582395721975
2021-07-06,116275.94542963247,2351.64959913621,113924.29583049627,-0.0002888360255376421
2021-07-07,118486.65842970033,2351.64959913621,116135.00883056413,0.019012642657081136
2021-07-08,117457.73874536651,2351.64959913621,115106.08914623031,-0.008683844223223547
2021-07-09,117131.11439618262,2351.64959913621,114779.4647970464,-0.002780781859694881
2021-07-12,116643.357984431,2351.64959913621,114291.7083852948,-0.004164191677557438
2021-07-13,116679.89576554167,2351.64959913621,114328.24616640547,0.0003132435634745079
2021-07-14,115061.71773814812,2373.152809974774,112688.56492817335,-0.013868524794066972
2021-07-15,114963.95286561304,2373.152809974774,112590.80005563826,-0.0008496733271231571
2021-07-16,114480.82973746068,2373.152809974774,112107.67692748591,-0.00420238793212957
2021-07-19,115809.81323406333,2373.152809974774,113436.66042408856,0.01160878637629037
2021-07-20,115157.49898810565,2373.152809974774,112784.34617813087,-0.005632633606266868
2021-07-21,115860.56427395521,2373.152809974774,113487.41146398045,0.006105249697392123
2021-07-22,112912.9073241172,2373.152809974774,110539.75451414243,-0.025441417175115832
2021-07-23,112594.99596169256,2373.152809974774,110221.84315171778,-0.0028155449182799552
2021-07-26,112492.75226949711,2373.152809974774,110119.59945952235,-0.0009080660407877472
2021-07-27,112791.00357755844,2373.152809974774,110417.85076758367,0.0026512935459772624
2021-07-28,112113.27687427736,2373.152809974774,109740.1240643026,-0.006008694681176929
2021-07-29,111719.72360110586,2373.152809974774,109346.57079113107,-0.003510318172332383
2021-07-30,112065.6912266741,2373.152809974774,109692.53841669933,0.0030967461645672323
2021-08-02,113647.94463531501,2373.152809974774,111274.79182534023,0.014118981387805096
2021-08-03,114475.19509687676,2373.152809974774,112102.04228690198,0.007279062232197209
2021-08-04,113466.63534595378,2373.152809974774,111093.482535979,-0.008810290736516957
2021-08-05,114026.58316975352,2373.152809974774,111653.43035977874,0.0049349116777146484
2021-08-06,115488.74790479479,2373.152809974774,113115.59509482002,0.012823016303702861
2021-08-09,117787.88833065072,2373.152809974774,115414.73552067595,0.01990791715701401
2021-08-10,118207.18261252463,2373.152809974774,115834.02980254986,0.003559740206029227
2021-08-11,119191.21238130878,2732.7038993583483,116458.50848195043,0.008324619088585727
2021-08-12,119778.61533373446,2732.7038993583483,117045.9114343761,0.0049282404355992515
2021-08-13,120066.25980355777,2732.7038993583483,117333.55590419943,0.0024014676494785725
2021-08-16,121164.54169072557,2732.7038993583483,118431.83779136723,0.009147298241527047
2021-08-17,118756.90157546941,2732.7038993583483,116024.19767611107,-0.019870830868998768
2021-08-18,118986.11609052678,2732.7038993583483,116253.41219116843,0.0019301153197541776
2021-08-19,121710.75659833729,2732.7038993583483,118978.05269897894,0.022898810359836874
2021-08-20,119250.75232723492,2732.7038993583483,116518.04842787658,-0.020211888742263984
2021-08-23,118869.3559159723,2732.7038993583483,116136.65201661394,-0.003198272579581274
2021-08-24,116063.02952819082,2732.7038993583483,113330.32562883248,-0.023608493258474805
2021-08-25,115412.81507076745,2732.7038993583483,112680.11117140911,-0.005602253017748748
2021-08-26,116078.43710886344,2732.7038993583483,113345.7332095051,0.005767314814111746
2021-08-27,117977.08371455947,2732.7038993583483,115244.37981520113,0.016356583125903157
2021-08-30,118965.23087538747,2732.7038993583483,116232.52697602911,0.008375755101887261
2021-08-31,119504.41152643689,2732.7038993583483,116771.70762707855,0.004532254063493557
2021-09-01,117152.93706126744,2732.7038993583483,114420.2331619091,-0.01967688418472524
2021-09-02,115191.91474479373,2732.7038993583483,112459.21084543537,-0.0167389940505559
2021-09-03,114736.83632562912,2732.7038993583483,112004.13242627078,-0.003950610771362162
2021-09-06,114207.0238923043,2732.7038993583483,111474.31999294597,-0.0046176315322237205
2021-09-07,112764.15478716543,2732.7038993583483,110031.45088780709,-0.012633803560974322
2021-09-08,108307.43927982677,2982.359423369875,105325.0798564569,-0.039522448563113044
2021-09-09,108059.52379841794,2982.359423369875,105077.16437504807,-0.002288997718506658
2021-09-10,106972.02280457667,2982.359423369875,103989.6633812068,-0.010063906961777613
2021-09-13,107785.29466501629,2982.359423369875,104802.93524164641,0.007602659453540994
2021-09-14,109112.53444098888,2982.359423369875,106130.17501761901,0.012313737046389273
2021-09-15,109055.20098730951,2982.359423369875,106072.84156393963,-0.0005254524970307317
2021-09-16,108764.92333313258,2982.359423369875,105782.56390976271,-0.0026617497519508815
2021-09-17,108317.24704273173,2982.359423369875,105334.88761936185,-0.0041159987676328
2021-09-20,107141.77547324979,2982.359423369875,104159.41604987992,-0.010852118213623085
2021-09-21,109494.35658107381,2982.359423369875,106511.99715770394,0.021957645348255284
2021-09-22,108346.16344298102,2982.359423369875,105363.80401961115,-0.010486322527888614
2021-09-23,109700.84551746529,2982.359423369875,106718.48609409542,0.012503276825276632
2021-09-24,109089.26301781659,2982.359423369875,106106.90359444672,-0.0055750026060769065
2021-09-27,108243.34311407045,2982.359423369875,105260.98369070058,-0.007754382790247427
2021-09-28,108454.6493207576,2982.359423369875,105472.28989738773,0.0019521404329176928
2021-09-29,110197.04502426842,2982.359423369875,107214.68560089853,0.01606566167908241
2021-09-30,109909.0999940942,2982.359423369875,106926.74057072432,-0.002613001375044166
2021-10-01,109040.30773223829,2982.359423369875,106057.9483088684,-0.007904643581856163
2021-10-04,110427.69045545085,2982.359423369875,107445.33103208098,0.012723576740258702
2021-10-05,108920.92656588403,2982.359423369875,105938.56714251416,-0.013644801257295947
2021-10-06,109912.01521149422,445.15852770356287,109466.85668379065,0.009099157314005124
2021-10-07,110312.06869227656,445.15852770356287,109866.910164573,0.003639761130869612
2021-10-08,110928.99965885076,445.15852770356287,110483.8411311472,0.005592597200721361
2021-10-11,110254.01562374491,445.15852770356287,109808.85709604135,-0.006084829369972566
2021-10-12,109953.13516542398,445.15852770356287,109507.97663772042,-0.0027289750547292435
2021-10-13,110950.58523276732,445.15852770356287,110505.42670506376,0.009071592782167404
2021-10-14,110782.55194106071,445.15852770356287,110337.39341335715,-0.0015144876555097664
2021-10-15,110898.45047191491,445.15852770356287,110453.29194421135,0.0010461803670660519
2021-10-18,108278.83334256425,445.15852770356287,107833.67481486069,-0.023621764940837342
2021-10-19,108603.37885364715,445.15852770356287,108158.22032594359,0.002997312596231483
2021-10-20,109402.92914790496,445.15852770356287,108957.7706202014,0.00736211251157548
2021-10-21,109195.20159370679,445.15852770356287,108750.04306600323,-0.001898738505596409
2021-10-22,110035.1656110622,445.15852770356287,109590.00708335864,0.00769231619243449
2021-10-25,110781.97831448789,445.15852770356287,110336.81978678433,0.0067870366648552505
2021-10-26,111910.09497968861,445.15852770356287,111464.93645198505,0.01018321465607186
2021-10-27,111938.49480106028,445.15852770356287,111493.33627335672,0.0002537735436363153
2021-10-28,111486.64272011399,445.15852770356287,111041.48419241043,-0.004036610298801424
2021-10-29,111090.00642591249,445.15852770356287,110644.84789820893,-0.0035577023805196673
2021-11-01,111326.15651681648,445.15852770356287,110880.99798911292,0.0021257545885684515
2021-11-02,111265.99588800865,445.15852770356287,110820.83736030509,-0.000540399764890287
2021-11-03,110539.38050794555,2413.5993308316465,108125.78117711391,-0.006530435235527432
2021-11-04,109089.14990912448,2413.5993308316465,106675.55057829284,-0.013119583194306284
2021-11-05,109387.05298969659,2413.5993308316465,106973.45365886495,0.0027308222753616995
2021-11-08,107197.5155296626,2413.5993308316465,104783.91619883095,-0.02001642242103574
2021-11-09,105753.01077547212,2413.5993308316465,103339.41144464047,-0.013475170082563825
2021-11-10,105667.8507598087,2413.5993308316465,103254.25142897706,-0.000805272729721418
2021-11-11,109772.81525405706,2413.5993308316465,107359.21592322542,0.03884780909928098
2021-11-12,110409.29694543895,2413.5993308316465,107995.69761460731,0.005798172251561873
2021-11-15,109414.01091896038,2413.5993308316465,107000.41158812874,-0.00901451285366317
2021-11-16,108583.31244779698,2413.5993308316465,106169.71311696534,-0.007592249513443727
2021-11-17,110804.04790892274,2413.5993308316465,108390.4485780911,0.020451903806060656
2021-11-18,109997.64297266002,2413.5993308316465,107584.04364182838,-0.007277757008711139
2021-11-19,112387.75806185184,2413.5993308316465,109974.15873102019,0.021728784586646954
2021-11-22,113634.72666413643,2413.5993308316465,111221.12733330477,0.011095235137605686
2021-11-23,111345.24784076671,2413.5993308316465,108931.64850993507,-0.020147703880492474
2021-11-24,110384.31889758317,2413.5993308316465,107970.71956675153,-0.008630174720682726
2021-11-25,110928.86407798811,2413.5993308316465,108515.26474715647,0.004933175163314374
2021-11-26,108866.54957324834,2413.5993308316465,106452.9502424167,-0.01859132446619005
2021-11-29,111004.26758501053,2413.5993308316465,108590.66825417888,0.019636132679339502
2021-11-30,113503.0344552912,2413.5993308316465,111089.43512445956,0.02251054778922823
